10,1,mus,std_sort
10,25,mus,multi_sort
20,1,mus,std_sort
20,0,mus,multi_sort
30,1,mus,std_sort
30,10,mus,multi_sort
40,2,mus,std_sort
40,10,mus,multi_sort
50,2,mus,std_sort
50,13,mus,multi_sort
60,3,mus,std_sort
60,15,mus,multi_sort
70,4,mus,std_sort
70,17,mus,multi_sort
80,5,mus,std_sort
80,20,mus,multi_sort
90,5,mus,std_sort
90,42,mus,multi_sort
100,6,mus,std_sort
100,46,mus,multi_sort
110,7,mus,std_sort
110,51,mus,multi_sort
120,7,mus,std_sort
120,93,mus,multi_sort
130,8,mus,std_sort
130,60,mus,multi_sort
140,9,mus,std_sort
140,67,mus,multi_sort
150,10,mus,std_sort
150,73,mus,multi_sort
160,14,mus,std_sort
160,118,mus,multi_sort
170,12,mus,std_sort
170,85,mus,multi_sort
180,13,mus,std_sort
180,88,mus,multi_sort
190,13,mus,std_sort
190,88,mus,multi_sort
200,14,mus,std_sort
200,98,mus,multi_sort
210,14,mus,std_sort
210,108,mus,multi_sort
220,15,mus,std_sort
220,108,mus,multi_sort
230,15,mus,std_sort
230,110,mus,multi_sort
240,16,mus,std_sort
240,186,mus,multi_sort
250,18,mus,std_sort
250,118,mus,multi_sort
260,19,mus,std_sort
260,121,mus,multi_sort
270,19,mus,std_sort
270,125,mus,multi_sort
280,25,mus,std_sort
280,157,mus,multi_sort
290,20,mus,std_sort
290,138,mus,multi_sort
300,23,mus,std_sort
300,161,mus,multi_sort
310,22,mus,std_sort
310,153,mus,multi_sort
320,25,mus,std_sort
320,153,mus,multi_sort
330,23,mus,std_sort
330,184,mus,multi_sort
340,24,mus,std_sort
340,232,mus,multi_sort
350,25,mus,std_sort
350,234,mus,multi_sort
360,26,mus,std_sort
360,240,mus,multi_sort
370,28,mus,std_sort
370,253,mus,multi_sort
380,29,mus,std_sort
380,264,mus,multi_sort
390,28,mus,std_sort
390,292,mus,multi_sort
400,31,mus,std_sort
400,278,mus,multi_sort
410,30,mus,std_sort
410,275,mus,multi_sort
420,34,mus,std_sort
420,318,mus,multi_sort
430,34,mus,std_sort
430,306,mus,multi_sort
440,33,mus,std_sort
440,334,mus,multi_sort
450,33,mus,std_sort
450,303,mus,multi_sort
460,34,mus,std_sort
460,330,mus,multi_sort
470,35,mus,std_sort
470,323,mus,multi_sort
480,36,mus,std_sort
480,331,mus,multi_sort
490,38,mus,std_sort
490,340,mus,multi_sort
500,38,mus,std_sort
500,348,mus,multi_sort
510,40,mus,std_sort
510,363,mus,multi_sort
520,44,mus,std_sort
520,380,mus,multi_sort
530,45,mus,std_sort
530,380,mus,multi_sort
540,44,mus,std_sort
540,388,mus,multi_sort
550,43,mus,std_sort
550,380,mus,multi_sort
560,44,mus,std_sort
560,387,mus,multi_sort
570,45,mus,std_sort
570,394,mus,multi_sort
580,51,mus,std_sort
580,413,mus,multi_sort
590,47,mus,std_sort
590,423,mus,multi_sort
600,53,mus,std_sort
600,434,mus,multi_sort
610,52,mus,std_sort
610,426,mus,multi_sort
620,50,mus,std_sort
620,434,mus,multi_sort
630,49,mus,std_sort
630,435,mus,multi_sort
640,54,mus,std_sort
640,457,mus,multi_sort
650,54,mus,std_sort
650,465,mus,multi_sort
660,52,mus,std_sort
660,472,mus,multi_sort
670,53,mus,std_sort
670,466,mus,multi_sort
680,54,mus,std_sort
680,473,mus,multi_sort
690,55,mus,std_sort
690,482,mus,multi_sort
700,56,mus,std_sort
700,492,mus,multi_sort
710,59,mus,std_sort
710,519,mus,multi_sort
720,61,mus,std_sort
720,552,mus,multi_sort
730,61,mus,std_sort
730,522,mus,multi_sort
740,60,mus,std_sort
740,521,mus,multi_sort
750,60,mus,std_sort
750,518,mus,multi_sort
760,62,mus,std_sort
760,529,mus,multi_sort
770,66,mus,std_sort
770,552,mus,multi_sort
780,63,mus,std_sort
780,557,mus,multi_sort
790,65,mus,std_sort
790,597,mus,multi_sort
800,67,mus,std_sort
800,560,mus,multi_sort
810,71,mus,std_sort
810,572,mus,multi_sort
820,66,mus,std_sort
820,573,mus,multi_sort
830,70,mus,std_sort
830,593,mus,multi_sort
840,72,mus,std_sort
840,603,mus,multi_sort
850,72,mus,std_sort
850,603,mus,multi_sort
860,72,mus,std_sort
860,597,mus,multi_sort
870,74,mus,std_sort
870,602,mus,multi_sort
880,71,mus,std_sort
880,622,mus,multi_sort
890,76,mus,std_sort
890,644,mus,multi_sort
900,79,mus,std_sort
900,704,mus,multi_sort
910,76,mus,std_sort
910,655,mus,multi_sort
920,76,mus,std_sort
920,641,mus,multi_sort
930,76,mus,std_sort
930,664,mus,multi_sort
940,80,mus,std_sort
940,673,mus,multi_sort
950,81,mus,std_sort
950,682,mus,multi_sort
960,81,mus,std_sort
960,717,mus,multi_sort
970,82,mus,std_sort
970,692,mus,multi_sort
980,81,mus,std_sort
980,684,mus,multi_sort
990,88,mus,std_sort
990,710,mus,multi_sort
1000,86,mus,std_sort
1000,716,mus,multi_sort
1010,86,mus,std_sort
1010,738,mus,multi_sort
1020,87,mus,std_sort
1020,710,mus,multi_sort
1030,87,mus,std_sort
1030,717,mus,multi_sort
1040,88,mus,std_sort
1040,786,mus,multi_sort
1050,91,mus,std_sort
1050,739,mus,multi_sort
1060,89,mus,std_sort
1060,775,mus,multi_sort
1070,90,mus,std_sort
1070,744,mus,multi_sort
1080,91,mus,std_sort
1080,750,mus,multi_sort
1090,95,mus,std_sort
1090,782,mus,multi_sort
1100,98,mus,std_sort
1100,806,mus,multi_sort
1110,95,mus,std_sort
1110,778,mus,multi_sort
1120,94,mus,std_sort
1120,810,mus,multi_sort
1130,98,mus,std_sort
1130,795,mus,multi_sort
1140,97,mus,std_sort
1140,813,mus,multi_sort
1150,100,mus,std_sort
1150,828,mus,multi_sort
1160,102,mus,std_sort
1160,828,mus,multi_sort
1170,100,mus,std_sort
1170,819,mus,multi_sort
1180,101,mus,std_sort
1180,820,mus,multi_sort
1190,102,mus,std_sort
1190,846,mus,multi_sort
1200,108,mus,std_sort
1200,979,mus,multi_sort
1210,106,mus,std_sort
1210,937,mus,multi_sort
1220,107,mus,std_sort
1220,897,mus,multi_sort
1230,107,mus,std_sort
1230,875,mus,multi_sort
1240,108,mus,std_sort
1240,978,mus,multi_sort
1250,111,mus,std_sort
1250,970,mus,multi_sort
1260,110,mus,std_sort
1260,975,mus,multi_sort
1270,115,mus,std_sort
1270,977,mus,multi_sort
1280,112,mus,std_sort
1280,952,mus,multi_sort
1290,115,mus,std_sort
1290,964,mus,multi_sort
1300,118,mus,std_sort
1300,1013,mus,multi_sort
1310,111,mus,std_sort
1310,1022,mus,multi_sort
1320,113,mus,std_sort
1320,1042,mus,multi_sort
1330,114,mus,std_sort
1330,1027,mus,multi_sort
1340,123,mus,std_sort
1340,1167,mus,multi_sort
1350,121,mus,std_sort
1350,1312,mus,multi_sort
1360,125,mus,std_sort
1360,1255,mus,multi_sort
1370,120,mus,std_sort
1370,1271,mus,multi_sort
1380,127,mus,std_sort
1380,1292,mus,multi_sort
1390,121,mus,std_sort
1390,1309,mus,multi_sort
1400,121,mus,std_sort
1400,1358,mus,multi_sort
1410,123,mus,std_sort
1410,1339,mus,multi_sort
1420,128,mus,std_sort
1420,1331,mus,multi_sort
1430,132,mus,std_sort
1430,1321,mus,multi_sort
1440,126,mus,std_sort
1440,1308,mus,multi_sort
1450,129,mus,std_sort
1450,1339,mus,multi_sort
1460,134,mus,std_sort
1460,1517,mus,multi_sort
1470,134,mus,std_sort
1470,1409,mus,multi_sort
1480,135,mus,std_sort
1480,1347,mus,multi_sort
1490,135,mus,std_sort
1490,1396,mus,multi_sort
1500,135,mus,std_sort
1500,1409,mus,multi_sort
1510,133,mus,std_sort
1510,1382,mus,multi_sort
1520,135,mus,std_sort
1520,1431,mus,multi_sort
1530,141,mus,std_sort
1530,1460,mus,multi_sort
1540,140,mus,std_sort
1540,1419,mus,multi_sort
1550,136,mus,std_sort
1550,1410,mus,multi_sort
1560,137,mus,std_sort
1560,1419,mus,multi_sort
1570,140,mus,std_sort
1570,1520,mus,multi_sort
1580,140,mus,std_sort
1580,1486,mus,multi_sort
1590,141,mus,std_sort
1590,1447,mus,multi_sort
1600,145,mus,std_sort
1600,1533,mus,multi_sort
1610,147,mus,std_sort
1610,1497,mus,multi_sort
1620,145,mus,std_sort
1620,1482,mus,multi_sort
1630,153,mus,std_sort
1630,1531,mus,multi_sort
1640,150,mus,std_sort
1640,1554,mus,multi_sort
1650,147,mus,std_sort
1650,1501,mus,multi_sort
1660,149,mus,std_sort
1660,1509,mus,multi_sort
1670,156,mus,std_sort
1670,1564,mus,multi_sort
1680,157,mus,std_sort
1680,1542,mus,multi_sort
1690,154,mus,std_sort
1690,1608,mus,multi_sort
1700,158,mus,std_sort
1700,1595,mus,multi_sort
1710,151,mus,std_sort
1710,1604,mus,multi_sort
1720,154,mus,std_sort
1720,1571,mus,multi_sort
1730,156,mus,std_sort
1730,1677,mus,multi_sort
1740,160,mus,std_sort
1740,1638,mus,multi_sort
1750,157,mus,std_sort
1750,1660,mus,multi_sort
1760,158,mus,std_sort
1760,1649,mus,multi_sort
1770,163,mus,std_sort
1770,1659,mus,multi_sort
1780,162,mus,std_sort
1780,1684,mus,multi_sort
1790,162,mus,std_sort
1790,1639,mus,multi_sort
1800,163,mus,std_sort
1800,1637,mus,multi_sort
1810,163,mus,std_sort
1810,1646,mus,multi_sort
1820,163,mus,std_sort
1820,1751,mus,multi_sort
1830,173,mus,std_sort
1830,1743,mus,multi_sort
1840,174,mus,std_sort
1840,1767,mus,multi_sort
1850,167,mus,std_sort
1850,1697,mus,multi_sort
1860,174,mus,std_sort
1860,1796,mus,multi_sort
1870,174,mus,std_sort
1870,1789,mus,multi_sort
1880,171,mus,std_sort
1880,1768,mus,multi_sort
1890,178,mus,std_sort
1890,1775,mus,multi_sort
1900,171,mus,std_sort
1900,1767,mus,multi_sort
1910,173,mus,std_sort
1910,1736,mus,multi_sort
1920,196,mus,std_sort
1920,1818,mus,multi_sort
1930,184,mus,std_sort
1930,1884,mus,multi_sort
1940,173,mus,std_sort
1940,1763,mus,multi_sort
1950,179,mus,std_sort
1950,1779,mus,multi_sort
1960,179,mus,std_sort
1960,1887,mus,multi_sort
1970,186,mus,std_sort
1970,1916,mus,multi_sort
1980,181,mus,std_sort
1980,1883,mus,multi_sort
1990,178,mus,std_sort
1990,1845,mus,multi_sort
2000,190,mus,std_sort
2000,1875,mus,multi_sort
2010,183,mus,std_sort
2010,1911,mus,multi_sort
2020,193,mus,std_sort
2020,1942,mus,multi_sort
2030,193,mus,std_sort
2030,1914,mus,multi_sort
2040,184,mus,std_sort
2040,1858,mus,multi_sort
2050,197,mus,std_sort
2050,1889,mus,multi_sort
2060,192,mus,std_sort
2060,2007,mus,multi_sort
2070,191,mus,std_sort
2070,1888,mus,multi_sort
2080,199,mus,std_sort
2080,1957,mus,multi_sort
2090,196,mus,std_sort
2090,1963,mus,multi_sort
2100,192,mus,std_sort
2100,1966,mus,multi_sort
2110,202,mus,std_sort
2110,2054,mus,multi_sort
2120,202,mus,std_sort
2120,1954,mus,multi_sort
2130,194,mus,std_sort
2130,1937,mus,multi_sort
2140,199,mus,std_sort
2140,2121,mus,multi_sort
2150,209,mus,std_sort
2150,2094,mus,multi_sort
2160,197,mus,std_sort
2160,1967,mus,multi_sort
2170,203,mus,std_sort
2170,2042,mus,multi_sort
2180,205,mus,std_sort
2180,2054,mus,multi_sort
2190,201,mus,std_sort
2190,2219,mus,multi_sort
2200,207,mus,std_sort
2200,2084,mus,multi_sort
2210,203,mus,std_sort
2210,2012,mus,multi_sort
2220,206,mus,std_sort
2220,2024,mus,multi_sort
2230,207,mus,std_sort
2230,2082,mus,multi_sort
2240,207,mus,std_sort
2240,2042,mus,multi_sort
2250,208,mus,std_sort
2250,2090,mus,multi_sort
2260,214,mus,std_sort
2260,2099,mus,multi_sort
2270,210,mus,std_sort
2270,2266,mus,multi_sort
2280,213,mus,std_sort
2280,2210,mus,multi_sort
2290,217,mus,std_sort
2290,2333,mus,multi_sort
2300,212,mus,std_sort
2300,2094,mus,multi_sort
2310,221,mus,std_sort
2310,2489,mus,multi_sort
2320,230,mus,std_sort
2320,2227,mus,multi_sort
2330,215,mus,std_sort
2330,2165,mus,multi_sort
2340,223,mus,std_sort
2340,2201,mus,multi_sort
2350,215,mus,std_sort
2350,2270,mus,multi_sort
2360,222,mus,std_sort
2360,2372,mus,multi_sort
2370,227,mus,std_sort
2370,2217,mus,multi_sort
2380,221,mus,std_sort
2380,2172,mus,multi_sort
2390,228,mus,std_sort
2390,2982,mus,multi_sort
2400,231,mus,std_sort
2400,2477,mus,multi_sort
2410,229,mus,std_sort
2410,2291,mus,multi_sort
2420,224,mus,std_sort
2420,2389,mus,multi_sort
2430,252,mus,std_sort
2430,2489,mus,multi_sort
2440,230,mus,std_sort
2440,2227,mus,multi_sort
2450,228,mus,std_sort
2450,2270,mus,multi_sort
2460,240,mus,std_sort
2460,2355,mus,multi_sort
2470,242,mus,std_sort
2470,2451,mus,multi_sort
2480,240,mus,std_sort
2480,2332,mus,multi_sort
2490,233,mus,std_sort
2490,2303,mus,multi_sort
2500,253,mus,std_sort
2500,2897,mus,multi_sort
2510,242,mus,std_sort
2510,2370,mus,multi_sort
2520,236,mus,std_sort
2520,2332,mus,multi_sort
2530,243,mus,std_sort
2530,2481,mus,multi_sort
2540,247,mus,std_sort
2540,2411,mus,multi_sort
2550,248,mus,std_sort
2550,2407,mus,multi_sort
2560,243,mus,std_sort
2560,2375,mus,multi_sort
2570,239,mus,std_sort
2570,2463,mus,multi_sort
2580,251,mus,std_sort
2580,2523,mus,multi_sort
2590,246,mus,std_sort
2590,2367,mus,multi_sort
2600,243,mus,std_sort
2600,2450,mus,multi_sort
2610,265,mus,std_sort
2610,2518,mus,multi_sort
2620,299,mus,std_sort
2620,2921,mus,multi_sort
2630,246,mus,std_sort
2630,2401,mus,multi_sort
2640,248,mus,std_sort
2640,2483,mus,multi_sort
2650,315,mus,std_sort
2650,3503,mus,multi_sort
2660,260,mus,std_sort
2660,2446,mus,multi_sort
2670,261,mus,std_sort
2670,2564,mus,multi_sort
2680,255,mus,std_sort
2680,2497,mus,multi_sort
2690,252,mus,std_sort
2690,2544,mus,multi_sort
2700,255,mus,std_sort
2700,2518,mus,multi_sort
2710,256,mus,std_sort
2710,2604,mus,multi_sort
2720,265,mus,std_sort
2720,2577,mus,multi_sort
2730,256,mus,std_sort
2730,2486,mus,multi_sort
2740,259,mus,std_sort
2740,2598,mus,multi_sort
2750,269,mus,std_sort
2750,2589,mus,multi_sort
2760,281,mus,std_sort
2760,2581,mus,multi_sort
2770,269,mus,std_sort
2770,2630,mus,multi_sort
2780,261,mus,std_sort
2780,2650,mus,multi_sort
2790,274,mus,std_sort
2790,2664,mus,multi_sort
2800,264,mus,std_sort
2800,2556,mus,multi_sort
2810,267,mus,std_sort
2810,2564,mus,multi_sort
2820,275,mus,std_sort
2820,2663,mus,multi_sort
2830,265,mus,std_sort
2830,2659,mus,multi_sort
2840,306,mus,std_sort
2840,2614,mus,multi_sort
2850,270,mus,std_sort
2850,2653,mus,multi_sort
2860,282,mus,std_sort
2860,2747,mus,multi_sort
2870,285,mus,std_sort
2870,2618,mus,multi_sort
2880,280,mus,std_sort
2880,2714,mus,multi_sort
2890,276,mus,std_sort
2890,2731,mus,multi_sort
2900,282,mus,std_sort
2900,2767,mus,multi_sort
2910,275,mus,std_sort
2910,2702,mus,multi_sort
2920,279,mus,std_sort
2920,2827,mus,multi_sort
2930,302,mus,std_sort
2930,2792,mus,multi_sort
2940,279,mus,std_sort
2940,2777,mus,multi_sort
2950,292,mus,std_sort
2950,2778,mus,multi_sort
2960,283,mus,std_sort
2960,2847,mus,multi_sort
2970,291,mus,std_sort
2970,2793,mus,multi_sort
2980,284,mus,std_sort
2980,2717,mus,multi_sort
2990,308,mus,std_sort
2990,2958,mus,multi_sort
3000,294,mus,std_sort
3000,2745,mus,multi_sort
3010,282,mus,std_sort
3010,2749,mus,multi_sort
3020,286,mus,std_sort
3020,2862,mus,multi_sort
3030,303,mus,std_sort
3030,2919,mus,multi_sort
3040,297,mus,std_sort
3040,2882,mus,multi_sort
3050,291,mus,std_sort
3050,2799,mus,multi_sort
3060,301,mus,std_sort
3060,2961,mus,multi_sort
3070,290,mus,std_sort
3070,2807,mus,multi_sort
3080,302,mus,std_sort
3080,2909,mus,multi_sort
3090,297,mus,std_sort
3090,2933,mus,multi_sort
3100,298,mus,std_sort
3100,2995,mus,multi_sort
3110,303,mus,std_sort
3110,2860,mus,multi_sort
3120,299,mus,std_sort
3120,3081,mus,multi_sort
3130,328,mus,std_sort
3130,2913,mus,multi_sort
3140,300,mus,std_sort
3140,3012,mus,multi_sort
3150,301,mus,std_sort
3150,3196,mus,multi_sort
3160,313,mus,std_sort
3160,3050,mus,multi_sort
3170,322,mus,std_sort
3170,3056,mus,multi_sort
3180,307,mus,std_sort
3180,3136,mus,multi_sort
3190,321,mus,std_sort
3190,3195,mus,multi_sort
3200,312,mus,std_sort
3200,2929,mus,multi_sort
3210,312,mus,std_sort
3210,3073,mus,multi_sort
3220,326,mus,std_sort
3220,3292,mus,multi_sort
3230,318,mus,std_sort
3230,2980,mus,multi_sort
3240,324,mus,std_sort
3240,3278,mus,multi_sort
3250,340,mus,std_sort
3250,3170,mus,multi_sort
3260,331,mus,std_sort
3260,3074,mus,multi_sort
3270,332,mus,std_sort
3270,3203,mus,multi_sort
3280,355,mus,std_sort
3280,5262,mus,multi_sort
3290,331,mus,std_sort
3290,3296,mus,multi_sort
3300,331,mus,std_sort
3300,3136,mus,multi_sort
3310,318,mus,std_sort
3310,3076,mus,multi_sort
3320,317,mus,std_sort
3320,3108,mus,multi_sort
3330,349,mus,std_sort
3330,3252,mus,multi_sort
3340,327,mus,std_sort
3340,3114,mus,multi_sort
3350,338,mus,std_sort
3350,3275,mus,multi_sort
3360,324,mus,std_sort
3360,3127,mus,multi_sort
3370,337,mus,std_sort
3370,3312,mus,multi_sort
3380,324,mus,std_sort
3380,3393,mus,multi_sort
3390,365,mus,std_sort
3390,3340,mus,multi_sort
3400,331,mus,std_sort
3400,3169,mus,multi_sort
3410,341,mus,std_sort
3410,3337,mus,multi_sort
3420,351,mus,std_sort
3420,3312,mus,multi_sort
3430,336,mus,std_sort
3430,3181,mus,multi_sort
3440,352,mus,std_sort
3440,3302,mus,multi_sort
3450,336,mus,std_sort
3450,3155,mus,multi_sort
3460,334,mus,std_sort
3460,3253,mus,multi_sort
3470,333,mus,std_sort
3470,3334,mus,multi_sort
3480,362,mus,std_sort
3480,3278,mus,multi_sort
3490,338,mus,std_sort
3490,3230,mus,multi_sort
3500,336,mus,std_sort
3500,3435,mus,multi_sort
3510,352,mus,std_sort
3510,3272,mus,multi_sort
3520,351,mus,std_sort
3520,3333,mus,multi_sort
3530,343,mus,std_sort
3530,3414,mus,multi_sort
3540,358,mus,std_sort
3540,3350,mus,multi_sort
3550,343,mus,std_sort
3550,3264,mus,multi_sort
3560,362,mus,std_sort
3560,3450,mus,multi_sort
3570,340,mus,std_sort
3570,3329,mus,multi_sort
3580,359,mus,std_sort
3580,3432,mus,multi_sort
3590,369,mus,std_sort
3590,3523,mus,multi_sort
3600,352,mus,std_sort
3600,3312,mus,multi_sort
3610,349,mus,std_sort
3610,3548,mus,multi_sort
3620,356,mus,std_sort
3620,3312,mus,multi_sort
3630,366,mus,std_sort
3630,3418,mus,multi_sort
3640,376,mus,std_sort
3640,3606,mus,multi_sort
3650,364,mus,std_sort
3650,3438,mus,multi_sort
3660,361,mus,std_sort
3660,3388,mus,multi_sort
3670,395,mus,std_sort
3670,3595,mus,multi_sort
3680,369,mus,std_sort
3680,3437,mus,multi_sort
3690,368,mus,std_sort
3690,3525,mus,multi_sort
3700,371,mus,std_sort
3700,3574,mus,multi_sort
3710,372,mus,std_sort
3710,3415,mus,multi_sort
3720,365,mus,std_sort
3720,3670,mus,multi_sort
3730,398,mus,std_sort
3730,3453,mus,multi_sort
3740,375,mus,std_sort
3740,3526,mus,multi_sort
3750,365,mus,std_sort
3750,3603,mus,multi_sort
3760,372,mus,std_sort
3760,3448,mus,multi_sort
3770,363,mus,std_sort
3770,3552,mus,multi_sort
3780,384,mus,std_sort
3780,3715,mus,multi_sort
3790,366,mus,std_sort
3790,3549,mus,multi_sort
3800,377,mus,std_sort
3800,3541,mus,multi_sort
3810,392,mus,std_sort
3810,3802,mus,multi_sort
3820,383,mus,std_sort
3820,3536,mus,multi_sort
3830,391,mus,std_sort
3830,3750,mus,multi_sort
3840,381,mus,std_sort
3840,3613,mus,multi_sort
3850,380,mus,std_sort
3850,3653,mus,multi_sort
3860,383,mus,std_sort
3860,3755,mus,multi_sort
3870,390,mus,std_sort
3870,3590,mus,multi_sort
3880,397,mus,std_sort
3880,3896,mus,multi_sort
3890,390,mus,std_sort
3890,3628,mus,multi_sort
3900,401,mus,std_sort
3900,3591,mus,multi_sort
3910,383,mus,std_sort
3910,4016,mus,multi_sort
3920,399,mus,std_sort
3920,3622,mus,multi_sort
3930,400,mus,std_sort
3930,3744,mus,multi_sort
3940,401,mus,std_sort
3940,3734,mus,multi_sort
3950,400,mus,std_sort
3950,3687,mus,multi_sort
3960,383,mus,std_sort
3960,3858,mus,multi_sort
3970,407,mus,std_sort
3970,3677,mus,multi_sort
3980,410,mus,std_sort
3980,3783,mus,multi_sort
3990,492,mus,std_sort
3990,6359,mus,multi_sort
4000,391,mus,std_sort
4000,3675,mus,multi_sort
4010,486,mus,std_sort
4010,3997,mus,multi_sort
4020,390,mus,std_sort
4020,3777,mus,multi_sort
4030,400,mus,std_sort
4030,3869,mus,multi_sort
4040,409,mus,std_sort
4040,3821,mus,multi_sort
4050,398,mus,std_sort
4050,3755,mus,multi_sort
4060,419,mus,std_sort
4060,3961,mus,multi_sort
4070,393,mus,std_sort
4070,3823,mus,multi_sort
4080,407,mus,std_sort
4080,3886,mus,multi_sort
4090,439,mus,std_sort
4090,4031,mus,multi_sort
4100,407,mus,std_sort
4100,3784,mus,multi_sort
4110,419,mus,std_sort
4110,4090,mus,multi_sort
4120,412,mus,std_sort
4120,3901,mus,multi_sort
4130,406,mus,std_sort
4130,3966,mus,multi_sort
4140,423,mus,std_sort
4140,3984,mus,multi_sort
4150,410,mus,std_sort
4150,3908,mus,multi_sort
4160,445,mus,std_sort
4160,3977,mus,multi_sort
4170,417,mus,std_sort
4170,3823,mus,multi_sort
4180,411,mus,std_sort
4180,3985,mus,multi_sort
4190,428,mus,std_sort
4190,4044,mus,multi_sort
4200,419,mus,std_sort
4200,3972,mus,multi_sort
4210,424,mus,std_sort
4210,4051,mus,multi_sort
4220,426,mus,std_sort
4220,4002,mus,multi_sort
4230,419,mus,std_sort
4230,4033,mus,multi_sort
4240,447,mus,std_sort
4240,4086,mus,multi_sort
4250,434,mus,std_sort
4250,4043,mus,multi_sort
4260,427,mus,std_sort
4260,4076,mus,multi_sort
4270,440,mus,std_sort
4270,3954,mus,multi_sort
4280,421,mus,std_sort
4280,4151,mus,multi_sort
4290,447,mus,std_sort
4290,4061,mus,multi_sort
4300,444,mus,std_sort
4300,4077,mus,multi_sort
4310,430,mus,std_sort
4310,4106,mus,multi_sort
4320,426,mus,std_sort
4320,3970,mus,multi_sort
4330,432,mus,std_sort
4330,4402,mus,multi_sort
4340,438,mus,std_sort
4340,4107,mus,multi_sort
4350,445,mus,std_sort
4350,4075,mus,multi_sort
4360,451,mus,std_sort
4360,4270,mus,multi_sort
4370,432,mus,std_sort
4370,4008,mus,multi_sort
4380,452,mus,std_sort
4380,4305,mus,multi_sort
4390,435,mus,std_sort
4390,4145,mus,multi_sort
4400,453,mus,std_sort
4400,4269,mus,multi_sort
4410,492,mus,std_sort
4410,4163,mus,multi_sort
4420,436,mus,std_sort
4420,4131,mus,multi_sort
4430,458,mus,std_sort
4430,4294,mus,multi_sort
4440,455,mus,std_sort
4440,4198,mus,multi_sort
4450,441,mus,std_sort
4450,4298,mus,multi_sort
4460,444,mus,std_sort
4460,4090,mus,multi_sort
4470,450,mus,std_sort
4470,4294,mus,multi_sort
4480,469,mus,std_sort
4480,4243,mus,multi_sort
4490,466,mus,std_sort
4490,4211,mus,multi_sort
4500,472,mus,std_sort
4500,4418,mus,multi_sort
4510,467,mus,std_sort
4510,4157,mus,multi_sort
4520,463,mus,std_sort
4520,4432,mus,multi_sort
4530,458,mus,std_sort
4530,4278,mus,multi_sort
4540,451,mus,std_sort
4540,4242,mus,multi_sort
4550,487,mus,std_sort
4550,4453,mus,multi_sort
4560,451,mus,std_sort
4560,4300,mus,multi_sort
4570,485,mus,std_sort
4570,4404,mus,multi_sort
4580,457,mus,std_sort
4580,4216,mus,multi_sort
4590,457,mus,std_sort
4590,4504,mus,multi_sort
4600,536,mus,std_sort
4600,4270,mus,multi_sort
4610,474,mus,std_sort
4610,4508,mus,multi_sort
4620,481,mus,std_sort
4620,4416,mus,multi_sort
4630,466,mus,std_sort
4630,4258,mus,multi_sort
4640,478,mus,std_sort
4640,4558,mus,multi_sort
4650,462,mus,std_sort
4650,4402,mus,multi_sort
4660,464,mus,std_sort
4660,4580,mus,multi_sort
4670,481,mus,std_sort
4670,4424,mus,multi_sort
4680,469,mus,std_sort
4680,4533,mus,multi_sort
4690,487,mus,std_sort
4690,4411,mus,multi_sort
4700,466,mus,std_sort
4700,4324,mus,multi_sort
4710,468,mus,std_sort
4710,4611,mus,multi_sort
4720,470,mus,std_sort
4720,4339,mus,multi_sort
4730,487,mus,std_sort
4730,4634,mus,multi_sort
4740,477,mus,std_sort
4740,4506,mus,multi_sort
4750,474,mus,std_sort
4750,4514,mus,multi_sort
4760,494,mus,std_sort
4760,4510,mus,multi_sort
4770,479,mus,std_sort
4770,4601,mus,multi_sort
4780,491,mus,std_sort
4780,4625,mus,multi_sort
4790,480,mus,std_sort
4790,4612,mus,multi_sort
4800,504,mus,std_sort
4800,4881,mus,multi_sort
4810,480,mus,std_sort
4810,4796,mus,multi_sort
4820,487,mus,std_sort
4820,4802,mus,multi_sort
4830,488,mus,std_sort
4830,4701,mus,multi_sort
4840,490,mus,std_sort
4840,4975,mus,multi_sort
4850,484,mus,std_sort
4850,4779,mus,multi_sort
4860,502,mus,std_sort
4860,4894,mus,multi_sort
4870,511,mus,std_sort
4870,4651,mus,multi_sort
4880,494,mus,std_sort
4880,4658,mus,multi_sort
4890,514,mus,std_sort
4890,4569,mus,multi_sort
4900,506,mus,std_sort
4900,4784,mus,multi_sort
4910,507,mus,std_sort
4910,4853,mus,multi_sort
4920,498,mus,std_sort
4920,4615,mus,multi_sort
4930,515,mus,std_sort
4930,4768,mus,multi_sort
4940,495,mus,std_sort
4940,4557,mus,multi_sort
4950,537,mus,std_sort
4950,4844,mus,multi_sort
4960,518,mus,std_sort
4960,4666,mus,multi_sort
4970,497,mus,std_sort
4970,4950,mus,multi_sort
4980,499,mus,std_sort
4980,4739,mus,multi_sort
4990,505,mus,std_sort
4990,4850,mus,multi_sort
5000,517,mus,std_sort
5000,5029,mus,multi_sort
5010,511,mus,std_sort
5010,6211,mus,multi_sort
5020,510,mus,std_sort
5020,5066,mus,multi_sort
5030,507,mus,std_sort
5030,4978,mus,multi_sort
5040,527,mus,std_sort
5040,4979,mus,multi_sort
5050,524,mus,std_sort
5050,5235,mus,multi_sort
5060,508,mus,std_sort
5060,5204,mus,multi_sort
5070,513,mus,std_sort
5070,5082,mus,multi_sort
5080,513,mus,std_sort
5080,4908,mus,multi_sort
5090,525,mus,std_sort
5090,5629,mus,multi_sort
5100,532,mus,std_sort
5100,5060,mus,multi_sort
5110,511,mus,std_sort
5110,5161,mus,multi_sort
5120,565,mus,std_sort
5120,4770,mus,multi_sort
5130,536,mus,std_sort
5130,5013,mus,multi_sort
5140,562,mus,std_sort
5140,4950,mus,multi_sort
5150,520,mus,std_sort
5150,5017,mus,multi_sort
5160,548,mus,std_sort
5160,4964,mus,multi_sort
5170,542,mus,std_sort
5170,5067,mus,multi_sort
5180,540,mus,std_sort
5180,4984,mus,multi_sort
5190,533,mus,std_sort
5190,5593,mus,multi_sort
5200,542,mus,std_sort
5200,5185,mus,multi_sort
5210,555,mus,std_sort
5210,5405,mus,multi_sort
5220,538,mus,std_sort
5220,5349,mus,multi_sort
5230,539,mus,std_sort
5230,5580,mus,multi_sort
5240,532,mus,std_sort
5240,5504,mus,multi_sort
5250,659,mus,std_sort
5250,5451,mus,multi_sort
5260,540,mus,std_sort
5260,5446,mus,multi_sort
5270,544,mus,std_sort
5270,5403,mus,multi_sort
5280,563,mus,std_sort
5280,5683,mus,multi_sort
5290,535,mus,std_sort
5290,5729,mus,multi_sort
5300,538,mus,std_sort
5300,5483,mus,multi_sort
5310,588,mus,std_sort
5310,5499,mus,multi_sort
5320,560,mus,std_sort
5320,5440,mus,multi_sort
5330,575,mus,std_sort
5330,5689,mus,multi_sort
5340,550,mus,std_sort
5340,7009,mus,multi_sort
5350,553,mus,std_sort
5350,5882,mus,multi_sort
5360,603,mus,std_sort
5360,5801,mus,multi_sort
5370,544,mus,std_sort
5370,5735,mus,multi_sort
5380,606,mus,std_sort
5380,6257,mus,multi_sort
5390,568,mus,std_sort
5390,6403,mus,multi_sort
5400,562,mus,std_sort
5400,6193,mus,multi_sort
5410,566,mus,std_sort
5410,6451,mus,multi_sort
5420,570,mus,std_sort
5420,6280,mus,multi_sort
5430,599,mus,std_sort
5430,6414,mus,multi_sort
5440,553,mus,std_sort
5440,6136,mus,multi_sort
5450,561,mus,std_sort
5450,6373,mus,multi_sort
5460,552,mus,std_sort
5460,6235,mus,multi_sort
5470,550,mus,std_sort
5470,6174,mus,multi_sort
5480,562,mus,std_sort
5480,6562,mus,multi_sort
5490,557,mus,std_sort
5490,6208,mus,multi_sort
5500,554,mus,std_sort
5500,6210,mus,multi_sort
5510,562,mus,std_sort
5510,6223,mus,multi_sort
5520,557,mus,std_sort
5520,6284,mus,multi_sort
5530,560,mus,std_sort
5530,6306,mus,multi_sort
5540,559,mus,std_sort
5540,6257,mus,multi_sort
5550,561,mus,std_sort
5550,6301,mus,multi_sort
5560,568,mus,std_sort
5560,6341,mus,multi_sort
5570,563,mus,std_sort
5570,6319,mus,multi_sort
5580,567,mus,std_sort
5580,6300,mus,multi_sort
5590,565,mus,std_sort
5590,6386,mus,multi_sort
5600,566,mus,std_sort
5600,6327,mus,multi_sort
5610,567,mus,std_sort
5610,6350,mus,multi_sort
5620,567,mus,std_sort
5620,6357,mus,multi_sort
5630,695,mus,std_sort
5630,6404,mus,multi_sort
5640,574,mus,std_sort
5640,6367,mus,multi_sort
5650,575,mus,std_sort
5650,6449,mus,multi_sort
5660,576,mus,std_sort
5660,6447,mus,multi_sort
5670,579,mus,std_sort
5670,6400,mus,multi_sort
5680,574,mus,std_sort
5680,6419,mus,multi_sort
5690,580,mus,std_sort
5690,6427,mus,multi_sort
5700,580,mus,std_sort
5700,6480,mus,multi_sort
5710,580,mus,std_sort
5710,6443,mus,multi_sort
5720,576,mus,std_sort
5720,6459,mus,multi_sort
5730,581,mus,std_sort
5730,6500,mus,multi_sort
5740,590,mus,std_sort
5740,6487,mus,multi_sort
5750,588,mus,std_sort
5750,6412,mus,multi_sort
5760,564,mus,std_sort
5760,6585,mus,multi_sort
5770,572,mus,std_sort
5770,6412,mus,multi_sort
5780,603,mus,std_sort
5780,6346,mus,multi_sort
5790,577,mus,std_sort
5790,6738,mus,multi_sort
5800,571,mus,std_sort
5800,6408,mus,multi_sort
5810,572,mus,std_sort
5810,6673,mus,multi_sort
5820,583,mus,std_sort
5820,6394,mus,multi_sort
5830,615,mus,std_sort
5830,6523,mus,multi_sort
5840,577,mus,std_sort
5840,6634,mus,multi_sort
5850,575,mus,std_sort
5850,6432,mus,multi_sort
5860,626,mus,std_sort
5860,6527,mus,multi_sort
5870,578,mus,std_sort
5870,6519,mus,multi_sort
5880,581,mus,std_sort
5880,6539,mus,multi_sort
5890,585,mus,std_sort
5890,6621,mus,multi_sort
5900,588,mus,std_sort
5900,6937,mus,multi_sort
5910,586,mus,std_sort
5910,6545,mus,multi_sort
5920,589,mus,std_sort
5920,6534,mus,multi_sort
5930,589,mus,std_sort
5930,6756,mus,multi_sort
5940,593,mus,std_sort
5940,6556,mus,multi_sort
5950,587,mus,std_sort
5950,6759,mus,multi_sort
5960,592,mus,std_sort
5960,6550,mus,multi_sort
5970,593,mus,std_sort
5970,6776,mus,multi_sort
5980,604,mus,std_sort
5980,7121,mus,multi_sort
5990,632,mus,std_sort
5990,6776,mus,multi_sort
6000,630,mus,std_sort
6000,6903,mus,multi_sort
6010,597,mus,std_sort
6010,6742,mus,multi_sort
6020,596,mus,std_sort
6020,6901,mus,multi_sort
6030,600,mus,std_sort
6030,6767,mus,multi_sort
6040,690,mus,std_sort
6040,6775,mus,multi_sort
6050,605,mus,std_sort
6050,6830,mus,multi_sort
6060,602,mus,std_sort
6060,6690,mus,multi_sort
6070,641,mus,std_sort
6070,6835,mus,multi_sort
6080,611,mus,std_sort
6080,6726,mus,multi_sort
6090,601,mus,std_sort
6090,6862,mus,multi_sort
6100,605,mus,std_sort
6100,6791,mus,multi_sort
6110,609,mus,std_sort
6110,6715,mus,multi_sort
6120,611,mus,std_sort
6120,6911,mus,multi_sort
6130,609,mus,std_sort
6130,6867,mus,multi_sort
6140,615,mus,std_sort
6140,6818,mus,multi_sort
6150,617,mus,std_sort
6150,6780,mus,multi_sort
6160,615,mus,std_sort
6160,6771,mus,multi_sort
6170,628,mus,std_sort
6170,6983,mus,multi_sort
6180,627,mus,std_sort
6180,6978,mus,multi_sort
6190,635,mus,std_sort
6190,7055,mus,multi_sort
6200,642,mus,std_sort
6200,6999,mus,multi_sort
6210,632,mus,std_sort
6210,7017,mus,multi_sort
6220,639,mus,std_sort
6220,7075,mus,multi_sort
6230,635,mus,std_sort
6230,7065,mus,multi_sort
6240,651,mus,std_sort
6240,7136,mus,multi_sort
6250,641,mus,std_sort
6250,7091,mus,multi_sort
6260,643,mus,std_sort
6260,7073,mus,multi_sort
6270,641,mus,std_sort
6270,7107,mus,multi_sort
6280,646,mus,std_sort
6280,7103,mus,multi_sort
6290,645,mus,std_sort
6290,7151,mus,multi_sort
6300,645,mus,std_sort
6300,7177,mus,multi_sort
6310,652,mus,std_sort
6310,7148,mus,multi_sort
6320,650,mus,std_sort
6320,7275,mus,multi_sort
6330,651,mus,std_sort
6330,7147,mus,multi_sort
6340,653,mus,std_sort
6340,7187,mus,multi_sort
6350,655,mus,std_sort
6350,7270,mus,multi_sort
6360,661,mus,std_sort
6360,7210,mus,multi_sort
6370,635,mus,std_sort
6370,7151,mus,multi_sort
6380,637,mus,std_sort
6380,7046,mus,multi_sort
6390,640,mus,std_sort
6390,7017,mus,multi_sort
6400,651,mus,std_sort
6400,7312,mus,multi_sort
6410,641,mus,std_sort
6410,7114,mus,multi_sort
6420,640,mus,std_sort
6420,7400,mus,multi_sort
6430,642,mus,std_sort
6430,7326,mus,multi_sort
6440,643,mus,std_sort
6440,7163,mus,multi_sort
6450,680,mus,std_sort
6450,7226,mus,multi_sort
6460,653,mus,std_sort
6460,7097,mus,multi_sort
6470,689,mus,std_sort
6470,7155,mus,multi_sort
6480,691,mus,std_sort
6480,7262,mus,multi_sort
6490,925,mus,std_sort
6490,7819,mus,multi_sort
6500,646,mus,std_sort
6500,7510,mus,multi_sort
6510,653,mus,std_sort
6510,7164,mus,multi_sort
6520,664,mus,std_sort
6520,7209,mus,multi_sort
6530,704,mus,std_sort
6530,7597,mus,multi_sort
6540,658,mus,std_sort
6540,7238,mus,multi_sort
6550,832,mus,std_sort
6550,7692,mus,multi_sort
6560,657,mus,std_sort
6560,7452,mus,multi_sort
6570,678,mus,std_sort
6570,7432,mus,multi_sort
6580,676,mus,std_sort
6580,7437,mus,multi_sort
6590,680,mus,std_sort
6590,7456,mus,multi_sort
6600,685,mus,std_sort
6600,7552,mus,multi_sort
6610,688,mus,std_sort
6610,7464,mus,multi_sort
6620,686,mus,std_sort
6620,7558,mus,multi_sort
6630,724,mus,std_sort
6630,7507,mus,multi_sort
6640,683,mus,std_sort
6640,7508,mus,multi_sort
6650,684,mus,std_sort
6650,7577,mus,multi_sort
6660,749,mus,std_sort
6660,7437,mus,multi_sort
6670,669,mus,std_sort
6670,7413,mus,multi_sort
6680,676,mus,std_sort
6680,7519,mus,multi_sort
6690,672,mus,std_sort
6690,7679,mus,multi_sort
6700,673,mus,std_sort
6700,7647,mus,multi_sort
6710,726,mus,std_sort
6710,7622,mus,multi_sort
6720,714,mus,std_sort
6720,8186,mus,multi_sort
6730,680,mus,std_sort
6730,7584,mus,multi_sort
6740,672,mus,std_sort
6740,7541,mus,multi_sort
6750,690,mus,std_sort
6750,7983,mus,multi_sort
6760,712,mus,std_sort
6760,7672,mus,multi_sort
6770,706,mus,std_sort
6770,7686,mus,multi_sort
6780,696,mus,std_sort
6780,7785,mus,multi_sort
6790,704,mus,std_sort
6790,8048,mus,multi_sort
6800,729,mus,std_sort
6800,8097,mus,multi_sort
6810,697,mus,std_sort
6810,7870,mus,multi_sort
6820,707,mus,std_sort
6820,7766,mus,multi_sort
6830,715,mus,std_sort
6830,7763,mus,multi_sort
6840,711,mus,std_sort
6840,8664,mus,multi_sort
6850,735,mus,std_sort
6850,8295,mus,multi_sort
6860,767,mus,std_sort
6860,7976,mus,multi_sort
6870,730,mus,std_sort
6870,8093,mus,multi_sort
6880,714,mus,std_sort
6880,8171,mus,multi_sort
6890,720,mus,std_sort
6890,8066,mus,multi_sort
6900,757,mus,std_sort
6900,8059,mus,multi_sort
6910,797,mus,std_sort
6910,8155,mus,multi_sort
6920,735,mus,std_sort
6920,8086,mus,multi_sort
6930,745,mus,std_sort
6930,8014,mus,multi_sort
6940,756,mus,std_sort
6940,8311,mus,multi_sort
6950,746,mus,std_sort
6950,8120,mus,multi_sort
6960,756,mus,std_sort
6960,8086,mus,multi_sort
6970,777,mus,std_sort
6970,8140,mus,multi_sort
6980,774,mus,std_sort
6980,8170,mus,multi_sort
6990,728,mus,std_sort
6990,8426,mus,multi_sort
7000,724,mus,std_sort
7000,8178,mus,multi_sort
7010,756,mus,std_sort
7010,7937,mus,multi_sort
7020,750,mus,std_sort
7020,8357,mus,multi_sort
7030,754,mus,std_sort
7030,8306,mus,multi_sort
7040,759,mus,std_sort
7040,8104,mus,multi_sort
7050,746,mus,std_sort
7050,8242,mus,multi_sort
7060,757,mus,std_sort
7060,8302,mus,multi_sort
7070,742,mus,std_sort
7070,8222,mus,multi_sort
7080,783,mus,std_sort
7080,8293,mus,multi_sort
7090,740,mus,std_sort
7090,8305,mus,multi_sort
7100,743,mus,std_sort
7100,8319,mus,multi_sort
7110,751,mus,std_sort
7110,8272,mus,multi_sort
7120,753,mus,std_sort
7120,8449,mus,multi_sort
7130,774,mus,std_sort
7130,8371,mus,multi_sort
7140,772,mus,std_sort
7140,8351,mus,multi_sort
7150,780,mus,std_sort
7150,8296,mus,multi_sort
7160,765,mus,std_sort
7160,8377,mus,multi_sort
7170,753,mus,std_sort
7170,8541,mus,multi_sort
7180,752,mus,std_sort
7180,8163,mus,multi_sort
7190,787,mus,std_sort
7190,8373,mus,multi_sort
7200,796,mus,std_sort
7200,8535,mus,multi_sort
7210,783,mus,std_sort
7210,8375,mus,multi_sort
7220,787,mus,std_sort
7220,8378,mus,multi_sort
7230,821,mus,std_sort
7230,8511,mus,multi_sort
7240,804,mus,std_sort
7240,8528,mus,multi_sort
7250,750,mus,std_sort
7250,8616,mus,multi_sort
7260,762,mus,std_sort
7260,8226,mus,multi_sort
7270,808,mus,std_sort
7270,8353,mus,multi_sort
7280,795,mus,std_sort
7280,8620,mus,multi_sort
7290,783,mus,std_sort
7290,8513,mus,multi_sort
7300,798,mus,std_sort
7300,8438,mus,multi_sort
7310,790,mus,std_sort
7310,8605,mus,multi_sort
7320,774,mus,std_sort
7320,8723,mus,multi_sort
7330,771,mus,std_sort
7330,8588,mus,multi_sort
7340,770,mus,std_sort
7340,8317,mus,multi_sort
7350,842,mus,std_sort
7350,8493,mus,multi_sort
7360,784,mus,std_sort
7360,8705,mus,multi_sort
7370,772,mus,std_sort
7370,8608,mus,multi_sort
7380,775,mus,std_sort
7380,8555,mus,multi_sort
7390,831,mus,std_sort
7390,8589,mus,multi_sort
7400,783,mus,std_sort
7400,8956,mus,multi_sort
7410,804,mus,std_sort
7410,8852,mus,multi_sort
7420,800,mus,std_sort
7420,8558,mus,multi_sort
7430,847,mus,std_sort
7430,8553,mus,multi_sort
7440,786,mus,std_sort
7440,8831,mus,multi_sort
7450,775,mus,std_sort
7450,8828,mus,multi_sort
7460,781,mus,std_sort
7460,8747,mus,multi_sort
7470,809,mus,std_sort
7470,8576,mus,multi_sort
7480,815,mus,std_sort
7480,8780,mus,multi_sort
7490,796,mus,std_sort
7490,8735,mus,multi_sort
7500,782,mus,std_sort
7500,8763,mus,multi_sort
7510,829,mus,std_sort
7510,8705,mus,multi_sort
7520,798,mus,std_sort
7520,9445,mus,multi_sort
7530,792,mus,std_sort
7530,9238,mus,multi_sort
7540,804,mus,std_sort
7540,9214,mus,multi_sort
7550,831,mus,std_sort
7550,9357,mus,multi_sort
7560,872,mus,std_sort
7560,9208,mus,multi_sort
7570,824,mus,std_sort
7570,9153,mus,multi_sort
7580,843,mus,std_sort
7580,8858,mus,multi_sort
7590,792,mus,std_sort
7590,8675,mus,multi_sort
7600,830,mus,std_sort
7600,9251,mus,multi_sort
7610,823,mus,std_sort
7610,8987,mus,multi_sort
7620,791,mus,std_sort
7620,9056,mus,multi_sort
7630,797,mus,std_sort
7630,9213,mus,multi_sort
7640,829,mus,std_sort
7640,9066,mus,multi_sort
7650,853,mus,std_sort
7650,9178,mus,multi_sort
7660,867,mus,std_sort
7660,8910,mus,multi_sort
7670,804,mus,std_sort
7670,9182,mus,multi_sort
7680,813,mus,std_sort
7680,8965,mus,multi_sort
7690,819,mus,std_sort
7690,8919,mus,multi_sort
7700,825,mus,std_sort
7700,9133,mus,multi_sort
7710,834,mus,std_sort
7710,13789,mus,multi_sort
7720,835,mus,std_sort
7720,9332,mus,multi_sort
7730,807,mus,std_sort
7730,9053,mus,multi_sort
7740,810,mus,std_sort
7740,8874,mus,multi_sort
7750,847,mus,std_sort
7750,9269,mus,multi_sort
7760,838,mus,std_sort
7760,9045,mus,multi_sort
7770,822,mus,std_sort
7770,9263,mus,multi_sort
7780,824,mus,std_sort
7780,9299,mus,multi_sort
7790,859,mus,std_sort
7790,8885,mus,multi_sort
7800,834,mus,std_sort
7800,9100,mus,multi_sort
7810,822,mus,std_sort
7810,9213,mus,multi_sort
7820,818,mus,std_sort
7820,9207,mus,multi_sort
7830,847,mus,std_sort
7830,9104,mus,multi_sort
7840,895,mus,std_sort
7840,9075,mus,multi_sort
7850,886,mus,std_sort
7850,9195,mus,multi_sort
7860,820,mus,std_sort
7860,9331,mus,multi_sort
7870,827,mus,std_sort
7870,9212,mus,multi_sort
7880,862,mus,std_sort
7880,9116,mus,multi_sort
7890,877,mus,std_sort
7890,9135,mus,multi_sort
7900,840,mus,std_sort
7900,9196,mus,multi_sort
7910,831,mus,std_sort
7910,9317,mus,multi_sort
7920,838,mus,std_sort
7920,9332,mus,multi_sort
7930,868,mus,std_sort
7930,9082,mus,multi_sort
7940,897,mus,std_sort
7940,9089,mus,multi_sort
7950,876,mus,std_sort
7950,9245,mus,multi_sort
7960,838,mus,std_sort
7960,9440,mus,multi_sort
7970,841,mus,std_sort
7970,9319,mus,multi_sort
7980,847,mus,std_sort
7980,9282,mus,multi_sort
7990,881,mus,std_sort
7990,9812,mus,multi_sort
8000,872,mus,std_sort
8000,9372,mus,multi_sort
8010,866,mus,std_sort
8010,9473,mus,multi_sort
8020,850,mus,std_sort
8020,9334,mus,multi_sort
8030,878,mus,std_sort
8030,9260,mus,multi_sort
8040,889,mus,std_sort
8040,9325,mus,multi_sort
8050,877,mus,std_sort
8050,9318,mus,multi_sort
8060,841,mus,std_sort
8060,9503,mus,multi_sort
8070,854,mus,std_sort
8070,9363,mus,multi_sort
8080,931,mus,std_sort
8080,9340,mus,multi_sort
8090,901,mus,std_sort
8090,9424,mus,multi_sort
8100,892,mus,std_sort
8100,9447,mus,multi_sort
8110,857,mus,std_sort
8110,9686,mus,multi_sort
8120,868,mus,std_sort
8120,9504,mus,multi_sort
8130,862,mus,std_sort
8130,9397,mus,multi_sort
8140,909,mus,std_sort
8140,9468,mus,multi_sort
8150,868,mus,std_sort
8150,9392,mus,multi_sort
8160,857,mus,std_sort
8160,9731,mus,multi_sort
8170,886,mus,std_sort
8170,9570,mus,multi_sort
8180,890,mus,std_sort
8180,9459,mus,multi_sort
8190,899,mus,std_sort
8190,9508,mus,multi_sort
8200,872,mus,std_sort
8200,9594,mus,multi_sort
8210,874,mus,std_sort
8210,9673,mus,multi_sort
8220,883,mus,std_sort
8220,9514,mus,multi_sort
8230,907,mus,std_sort
8230,9473,mus,multi_sort
8240,868,mus,std_sort
8240,9500,mus,multi_sort
8250,887,mus,std_sort
8250,9642,mus,multi_sort
8260,901,mus,std_sort
8260,9786,mus,multi_sort
8270,925,mus,std_sort
8270,9810,mus,multi_sort
8280,880,mus,std_sort
8280,9656,mus,multi_sort
8290,882,mus,std_sort
8290,9622,mus,multi_sort
8300,946,mus,std_sort
8300,9695,mus,multi_sort
8310,1228,mus,std_sort
8310,11043,mus,multi_sort
8320,928,mus,std_sort
8320,9575,mus,multi_sort
8330,928,mus,std_sort
8330,9745,mus,multi_sort
8340,917,mus,std_sort
8340,9773,mus,multi_sort
8350,899,mus,std_sort
8350,9727,mus,multi_sort
8360,888,mus,std_sort
8360,9602,mus,multi_sort
8370,941,mus,std_sort
8370,9768,mus,multi_sort
8380,946,mus,std_sort
8380,9825,mus,multi_sort
8390,888,mus,std_sort
8390,9774,mus,multi_sort
8400,896,mus,std_sort
8400,9859,mus,multi_sort
8410,924,mus,std_sort
8410,9784,mus,multi_sort
8420,930,mus,std_sort
8420,9844,mus,multi_sort
8430,941,mus,std_sort
8430,9850,mus,multi_sort
8440,935,mus,std_sort
8440,9694,mus,multi_sort
8450,922,mus,std_sort
8450,9886,mus,multi_sort
8460,920,mus,std_sort
8460,9922,mus,multi_sort
8470,897,mus,std_sort
8470,9991,mus,multi_sort
8480,923,mus,std_sort
8480,9650,mus,multi_sort
8490,955,mus,std_sort
8490,9813,mus,multi_sort
8500,944,mus,std_sort
8500,9864,mus,multi_sort
8510,908,mus,std_sort
8510,10022,mus,multi_sort
8520,935,mus,std_sort
8520,9958,mus,multi_sort
8530,936,mus,std_sort
8530,9906,mus,multi_sort
8540,902,mus,std_sort
8540,9875,mus,multi_sort
8550,942,mus,std_sort
8550,9834,mus,multi_sort
8560,971,mus,std_sort
8560,10058,mus,multi_sort
8570,925,mus,std_sort
8570,9982,mus,multi_sort
8580,909,mus,std_sort
8580,10044,mus,multi_sort
8590,930,mus,std_sort
8590,9996,mus,multi_sort
8600,935,mus,std_sort
8600,9982,mus,multi_sort
8610,934,mus,std_sort
8610,9865,mus,multi_sort
8620,952,mus,std_sort
8620,10700,mus,multi_sort
8630,959,mus,std_sort
8630,10106,mus,multi_sort
8640,930,mus,std_sort
8640,10235,mus,multi_sort
8650,922,mus,std_sort
8650,10159,mus,multi_sort
8660,926,mus,std_sort
8660,10024,mus,multi_sort
8670,948,mus,std_sort
8670,9922,mus,multi_sort
8680,961,mus,std_sort
8680,10079,mus,multi_sort
8690,1007,mus,std_sort
8690,10125,mus,multi_sort
8700,939,mus,std_sort
8700,10280,mus,multi_sort
8710,925,mus,std_sort
8710,10335,mus,multi_sort
8720,933,mus,std_sort
8720,10163,mus,multi_sort
8730,956,mus,std_sort
8730,10049,mus,multi_sort
8740,927,mus,std_sort
8740,10066,mus,multi_sort
8750,984,mus,std_sort
8750,10140,mus,multi_sort
8760,1015,mus,std_sort
8760,10167,mus,multi_sort
8770,964,mus,std_sort
8770,10377,mus,multi_sort
8780,927,mus,std_sort
8780,10330,mus,multi_sort
8790,968,mus,std_sort
8790,10219,mus,multi_sort
8800,963,mus,std_sort
8800,10070,mus,multi_sort
8810,951,mus,std_sort
8810,10155,mus,multi_sort
8820,1002,mus,std_sort
8820,10322,mus,multi_sort
8830,1013,mus,std_sort
8830,10272,mus,multi_sort
8840,942,mus,std_sort
8840,10442,mus,multi_sort
8850,952,mus,std_sort
8850,10244,mus,multi_sort
8860,969,mus,std_sort
8860,10356,mus,multi_sort
8870,971,mus,std_sort
8870,10378,mus,multi_sort
8880,950,mus,std_sort
8880,10386,mus,multi_sort
8890,989,mus,std_sort
8890,10162,mus,multi_sort
8900,982,mus,std_sort
8900,10221,mus,multi_sort
8910,1012,mus,std_sort
8910,10426,mus,multi_sort
8920,989,mus,std_sort
8920,10466,mus,multi_sort
8930,951,mus,std_sort
8930,10588,mus,multi_sort
8940,960,mus,std_sort
8940,10391,mus,multi_sort
8950,964,mus,std_sort
8950,10338,mus,multi_sort
8960,961,mus,std_sort
8960,10419,mus,multi_sort
8970,973,mus,std_sort
8970,10292,mus,multi_sort
8980,1013,mus,std_sort
8980,10325,mus,multi_sort
8990,997,mus,std_sort
8990,10641,mus,multi_sort
9000,993,mus,std_sort
9000,10558,mus,multi_sort
9010,983,mus,std_sort
9010,10643,mus,multi_sort
9020,965,mus,std_sort
9020,10584,mus,multi_sort
9030,1004,mus,std_sort
9030,10491,mus,multi_sort
9040,982,mus,std_sort
9040,10385,mus,multi_sort
9050,977,mus,std_sort
9050,10418,mus,multi_sort
9060,1022,mus,std_sort
9060,10644,mus,multi_sort
9070,1008,mus,std_sort
9070,10510,mus,multi_sort
9080,992,mus,std_sort
9080,10852,mus,multi_sort
9090,1000,mus,std_sort
9090,10673,mus,multi_sort
9100,978,mus,std_sort
9100,10463,mus,multi_sort
9110,972,mus,std_sort
9110,10506,mus,multi_sort
9120,972,mus,std_sort
9120,10394,mus,multi_sort
9130,982,mus,std_sort
9130,10414,mus,multi_sort
9140,974,mus,std_sort
9140,10355,mus,multi_sort
9150,979,mus,std_sort
9150,10371,mus,multi_sort
9160,962,mus,std_sort
9160,10308,mus,multi_sort
9170,957,mus,std_sort
9170,10641,mus,multi_sort
9180,953,mus,std_sort
9180,10282,mus,multi_sort
9190,956,mus,std_sort
9190,10874,mus,multi_sort
9200,985,mus,std_sort
9200,10421,mus,multi_sort
9210,959,mus,std_sort
9210,10277,mus,multi_sort
9220,985,mus,std_sort
9220,10339,mus,multi_sort
9230,954,mus,std_sort
9230,10335,mus,multi_sort
9240,1085,mus,std_sort
9240,10226,mus,multi_sort
9250,953,mus,std_sort
9250,10622,mus,multi_sort
9260,968,mus,std_sort
9260,10441,mus,multi_sort
9270,973,mus,std_sort
9270,10934,mus,multi_sort
9280,964,mus,std_sort
9280,10571,mus,multi_sort
9290,1039,mus,std_sort
9290,10550,mus,multi_sort
9300,1028,mus,std_sort
9300,10335,mus,multi_sort
9310,1009,mus,std_sort
9310,10650,mus,multi_sort
9320,1012,mus,std_sort
9320,10698,mus,multi_sort
9330,1018,mus,std_sort
9330,10418,mus,multi_sort
9340,974,mus,std_sort
9340,10474,mus,multi_sort
9350,1077,mus,std_sort
9350,10413,mus,multi_sort
9360,963,mus,std_sort
9360,10431,mus,multi_sort
9370,1015,mus,std_sort
9370,10532,mus,multi_sort
9380,1211,mus,std_sort
9380,10452,mus,multi_sort
9390,981,mus,std_sort
9390,10803,mus,multi_sort
9400,981,mus,std_sort
9400,10770,mus,multi_sort
9410,972,mus,std_sort
9410,10713,mus,multi_sort
9420,1018,mus,std_sort
9420,10707,mus,multi_sort
9430,983,mus,std_sort
9430,10623,mus,multi_sort
9440,1055,mus,std_sort
9440,10677,mus,multi_sort
9450,998,mus,std_sort
9450,10597,mus,multi_sort
9460,999,mus,std_sort
9460,10501,mus,multi_sort
9470,1199,mus,std_sort
9470,10632,mus,multi_sort
9480,1032,mus,std_sort
9480,10626,mus,multi_sort
9490,986,mus,std_sort
9490,10807,mus,multi_sort
9500,999,mus,std_sort
9500,10674,mus,multi_sort
9510,1117,mus,std_sort
9510,10657,mus,multi_sort
9520,991,mus,std_sort
9520,10753,mus,multi_sort
9530,993,mus,std_sort
9530,10618,mus,multi_sort
9540,986,mus,std_sort
9540,10633,mus,multi_sort
9550,998,mus,std_sort
9550,10565,mus,multi_sort
9560,1136,mus,std_sort
9560,10648,mus,multi_sort
9570,988,mus,std_sort
9570,10713,mus,multi_sort
9580,1001,mus,std_sort
9580,10976,mus,multi_sort
9590,995,mus,std_sort
9590,10816,mus,multi_sort
9600,1005,mus,std_sort
9600,10861,mus,multi_sort
9610,1006,mus,std_sort
9610,10866,mus,multi_sort
9620,993,mus,std_sort
9620,10692,mus,multi_sort
9630,1003,mus,std_sort
9630,10766,mus,multi_sort
9640,1036,mus,std_sort
9640,10721,mus,multi_sort
9650,1078,mus,std_sort
9650,10689,mus,multi_sort
9660,1004,mus,std_sort
9660,11163,mus,multi_sort
9670,1015,mus,std_sort
9670,10946,mus,multi_sort
9680,1010,mus,std_sort
9680,10991,mus,multi_sort
9690,1028,mus,std_sort
9690,11012,mus,multi_sort
9700,1013,mus,std_sort
9700,11408,mus,multi_sort
9710,1015,mus,std_sort
9710,10792,mus,multi_sort
9720,1013,mus,std_sort
9720,10931,mus,multi_sort
9730,1034,mus,std_sort
9730,10832,mus,multi_sort
9740,1064,mus,std_sort
9740,10820,mus,multi_sort
9750,1164,mus,std_sort
9750,11162,mus,multi_sort
9760,1014,mus,std_sort
9760,10980,mus,multi_sort
9770,1023,mus,std_sort
9770,11187,mus,multi_sort
9780,1029,mus,std_sort
9780,11088,mus,multi_sort
9790,1066,mus,std_sort
9790,11226,mus,multi_sort
9800,1016,mus,std_sort
9800,11057,mus,multi_sort
9810,1140,mus,std_sort
9810,11110,mus,multi_sort
9820,1045,mus,std_sort
9820,11201,mus,multi_sort
9830,1020,mus,std_sort
9830,12007,mus,multi_sort
9840,1099,mus,std_sort
9840,11173,mus,multi_sort
9850,1103,mus,std_sort
9850,10900,mus,multi_sort
9860,1072,mus,std_sort
9860,11371,mus,multi_sort
9870,1062,mus,std_sort
9870,11216,mus,multi_sort
9880,1048,mus,std_sort
9880,11327,mus,multi_sort
9890,1407,mus,std_sort
9890,11062,mus,multi_sort
9900,1067,mus,std_sort
9900,11341,mus,multi_sort
9910,1068,mus,std_sort
9910,11289,mus,multi_sort
9920,1068,mus,std_sort
9920,11326,mus,multi_sort
9930,1067,mus,std_sort
9930,11311,mus,multi_sort
9940,1070,mus,std_sort
9940,11358,mus,multi_sort
9950,1072,mus,std_sort
9950,11386,mus,multi_sort
9960,1062,mus,std_sort
9960,11254,mus,multi_sort
9970,1050,mus,std_sort
9970,11184,mus,multi_sort
9980,1146,mus,std_sort
9980,11540,mus,multi_sort
9990,1046,mus,std_sort
9990,11202,mus,multi_sort
10000,1048,mus,std_sort
10000,11186,mus,multi_sort
