10,0,mus,std_sort
10,15,mus,mixed_sort
20,1,mus,std_sort
20,5,mus,mixed_sort
30,1,mus,std_sort
30,2,mus,mixed_sort
40,2,mus,std_sort
40,2,mus,mixed_sort
50,2,mus,std_sort
50,3,mus,mixed_sort
60,4,mus,std_sort
60,4,mus,mixed_sort
70,4,mus,std_sort
70,4,mus,mixed_sort
80,5,mus,std_sort
80,6,mus,mixed_sort
90,5,mus,std_sort
90,6,mus,mixed_sort
100,6,mus,std_sort
100,7,mus,mixed_sort
110,7,mus,std_sort
110,7,mus,mixed_sort
120,8,mus,std_sort
120,8,mus,mixed_sort
130,8,mus,std_sort
130,9,mus,mixed_sort
140,8,mus,std_sort
140,10,mus,mixed_sort
150,10,mus,std_sort
150,11,mus,mixed_sort
160,10,mus,std_sort
160,34,mus,mixed_sort
170,11,mus,std_sort
170,42,mus,mixed_sort
180,14,mus,std_sort
180,13,mus,mixed_sort
190,13,mus,std_sort
190,14,mus,mixed_sort
200,14,mus,std_sort
200,15,mus,mixed_sort
210,14,mus,std_sort
210,18,mus,mixed_sort
220,14,mus,std_sort
220,17,mus,mixed_sort
230,15,mus,std_sort
230,19,mus,mixed_sort
240,16,mus,std_sort
240,18,mus,mixed_sort
250,17,mus,std_sort
250,19,mus,mixed_sort
260,18,mus,std_sort
260,21,mus,mixed_sort
270,19,mus,std_sort
270,21,mus,mixed_sort
280,19,mus,std_sort
280,22,mus,mixed_sort
290,19,mus,std_sort
290,23,mus,mixed_sort
300,20,mus,std_sort
300,24,mus,mixed_sort
310,21,mus,std_sort
310,25,mus,mixed_sort
320,22,mus,std_sort
320,25,mus,mixed_sort
330,23,mus,std_sort
330,26,mus,mixed_sort
340,46,mus,std_sort
340,85,mus,mixed_sort
350,26,mus,std_sort
350,30,mus,mixed_sort
360,26,mus,std_sort
360,63,mus,mixed_sort
370,26,mus,std_sort
370,30,mus,mixed_sort
380,28,mus,std_sort
380,33,mus,mixed_sort
390,28,mus,std_sort
390,31,mus,mixed_sort
400,29,mus,std_sort
400,33,mus,mixed_sort
410,30,mus,std_sort
410,34,mus,mixed_sort
420,30,mus,std_sort
420,34,mus,mixed_sort
430,32,mus,std_sort
430,36,mus,mixed_sort
440,34,mus,std_sort
440,38,mus,mixed_sort
450,34,mus,std_sort
450,39,mus,mixed_sort
460,34,mus,std_sort
460,40,mus,mixed_sort
470,34,mus,std_sort
470,58,mus,mixed_sort
480,36,mus,std_sort
480,42,mus,mixed_sort
490,37,mus,std_sort
490,44,mus,mixed_sort
500,39,mus,std_sort
500,47,mus,mixed_sort
510,39,mus,std_sort
510,45,mus,mixed_sort
520,40,mus,std_sort
520,46,mus,mixed_sort
530,41,mus,std_sort
530,46,mus,mixed_sort
540,42,mus,std_sort
540,50,mus,mixed_sort
550,44,mus,std_sort
550,52,mus,mixed_sort
560,43,mus,std_sort
560,51,mus,mixed_sort
570,44,mus,std_sort
570,52,mus,mixed_sort
580,46,mus,std_sort
580,52,mus,mixed_sort
590,46,mus,std_sort
590,55,mus,mixed_sort
600,48,mus,std_sort
600,54,mus,mixed_sort
610,47,mus,std_sort
610,55,mus,mixed_sort
620,48,mus,std_sort
620,57,mus,mixed_sort
630,49,mus,std_sort
630,57,mus,mixed_sort
640,50,mus,std_sort
640,59,mus,mixed_sort
650,51,mus,std_sort
650,62,mus,mixed_sort
660,52,mus,std_sort
660,60,mus,mixed_sort
670,52,mus,std_sort
670,63,mus,mixed_sort
680,54,mus,std_sort
680,63,mus,mixed_sort
690,54,mus,std_sort
690,64,mus,mixed_sort
700,54,mus,std_sort
700,65,mus,mixed_sort
710,57,mus,std_sort
710,66,mus,mixed_sort
720,58,mus,std_sort
720,67,mus,mixed_sort
730,58,mus,std_sort
730,68,mus,mixed_sort
740,60,mus,std_sort
740,71,mus,mixed_sort
750,61,mus,std_sort
750,71,mus,mixed_sort
760,62,mus,std_sort
760,69,mus,mixed_sort
770,62,mus,std_sort
770,71,mus,mixed_sort
780,63,mus,std_sort
780,73,mus,mixed_sort
790,64,mus,std_sort
790,74,mus,mixed_sort
800,66,mus,std_sort
800,77,mus,mixed_sort
810,65,mus,std_sort
810,78,mus,mixed_sort
820,65,mus,std_sort
820,77,mus,mixed_sort
830,69,mus,std_sort
830,81,mus,mixed_sort
840,71,mus,std_sort
840,83,mus,mixed_sort
850,69,mus,std_sort
850,81,mus,mixed_sort
860,70,mus,std_sort
860,81,mus,mixed_sort
870,71,mus,std_sort
870,82,mus,mixed_sort
880,71,mus,std_sort
880,84,mus,mixed_sort
890,73,mus,std_sort
890,85,mus,mixed_sort
900,75,mus,std_sort
900,87,mus,mixed_sort
910,75,mus,std_sort
910,88,mus,mixed_sort
920,77,mus,std_sort
920,90,mus,mixed_sort
930,76,mus,std_sort
930,90,mus,mixed_sort
940,80,mus,std_sort
940,95,mus,mixed_sort
950,78,mus,std_sort
950,91,mus,mixed_sort
960,79,mus,std_sort
960,91,mus,mixed_sort
970,81,mus,std_sort
970,93,mus,mixed_sort
980,81,mus,std_sort
980,94,mus,mixed_sort
990,84,mus,std_sort
990,95,mus,mixed_sort
1000,84,mus,std_sort
1000,95,mus,mixed_sort
1010,83,mus,std_sort
1010,100,mus,mixed_sort
1020,88,mus,std_sort
1020,100,mus,mixed_sort
1030,89,mus,std_sort
1030,101,mus,mixed_sort
1040,87,mus,std_sort
1040,100,mus,mixed_sort
1050,87,mus,std_sort
1050,102,mus,mixed_sort
1060,88,mus,std_sort
1060,103,mus,mixed_sort
1070,89,mus,std_sort
1070,105,mus,mixed_sort
1080,93,mus,std_sort
1080,107,mus,mixed_sort
1090,92,mus,std_sort
1090,107,mus,mixed_sort
1100,95,mus,std_sort
1100,110,mus,mixed_sort
1110,94,mus,std_sort
1110,113,mus,mixed_sort
1120,94,mus,std_sort
1120,110,mus,mixed_sort
1130,96,mus,std_sort
1130,112,mus,mixed_sort
1140,96,mus,std_sort
1140,113,mus,mixed_sort
1150,97,mus,std_sort
1150,116,mus,mixed_sort
1160,99,mus,std_sort
1160,118,mus,mixed_sort
1170,100,mus,std_sort
1170,119,mus,mixed_sort
1180,100,mus,std_sort
1180,118,mus,mixed_sort
1190,102,mus,std_sort
1190,119,mus,mixed_sort
1200,101,mus,std_sort
1200,120,mus,mixed_sort
1210,104,mus,std_sort
1210,121,mus,mixed_sort
1220,104,mus,std_sort
1220,121,mus,mixed_sort
1230,105,mus,std_sort
1230,126,mus,mixed_sort
1240,105,mus,std_sort
1240,122,mus,mixed_sort
1250,108,mus,std_sort
1250,125,mus,mixed_sort
1260,111,mus,std_sort
1260,125,mus,mixed_sort
1270,108,mus,std_sort
1270,125,mus,mixed_sort
1280,113,mus,std_sort
1280,129,mus,mixed_sort
1290,111,mus,std_sort
1290,127,mus,mixed_sort
1300,113,mus,std_sort
1300,129,mus,mixed_sort
1310,111,mus,std_sort
1310,130,mus,mixed_sort
1320,112,mus,std_sort
1320,132,mus,mixed_sort
1330,114,mus,std_sort
1330,142,mus,mixed_sort
1340,128,mus,std_sort
1340,143,mus,mixed_sort
1350,118,mus,std_sort
1350,137,mus,mixed_sort
1360,120,mus,std_sort
1360,140,mus,mixed_sort
1370,118,mus,std_sort
1370,139,mus,mixed_sort
1380,121,mus,std_sort
1380,138,mus,mixed_sort
1390,120,mus,std_sort
1390,140,mus,mixed_sort
1400,121,mus,std_sort
1400,145,mus,mixed_sort
1410,122,mus,std_sort
1410,143,mus,mixed_sort
1420,124,mus,std_sort
1420,142,mus,mixed_sort
1430,129,mus,std_sort
1430,149,mus,mixed_sort
1440,130,mus,std_sort
1440,150,mus,mixed_sort
1450,128,mus,std_sort
1450,148,mus,mixed_sort
1460,140,mus,std_sort
1460,148,mus,mixed_sort
1470,128,mus,std_sort
1470,150,mus,mixed_sort
1480,128,mus,std_sort
1480,150,mus,mixed_sort
1490,128,mus,std_sort
1490,153,mus,mixed_sort
1500,130,mus,std_sort
1500,152,mus,mixed_sort
1510,134,mus,std_sort
1510,158,mus,mixed_sort
1520,135,mus,std_sort
1520,156,mus,mixed_sort
1530,133,mus,std_sort
1530,154,mus,mixed_sort
1540,134,mus,std_sort
1540,155,mus,mixed_sort
1550,137,mus,std_sort
1550,158,mus,mixed_sort
1560,140,mus,std_sort
1560,160,mus,mixed_sort
1570,141,mus,std_sort
1570,167,mus,mixed_sort
1580,142,mus,std_sort
1580,166,mus,mixed_sort
1590,143,mus,std_sort
1590,167,mus,mixed_sort
1600,141,mus,std_sort
1600,166,mus,mixed_sort
1610,141,mus,std_sort
1610,165,mus,mixed_sort
1620,145,mus,std_sort
1620,166,mus,mixed_sort
1630,145,mus,std_sort
1630,170,mus,mixed_sort
1640,144,mus,std_sort
1640,170,mus,mixed_sort
1650,160,mus,std_sort
1650,174,mus,mixed_sort
1660,152,mus,std_sort
1660,177,mus,mixed_sort
1670,156,mus,std_sort
1670,177,mus,mixed_sort
1680,149,mus,std_sort
1680,178,mus,mixed_sort
1690,152,mus,std_sort
1690,174,mus,mixed_sort
1700,152,mus,std_sort
1700,176,mus,mixed_sort
1710,152,mus,std_sort
1710,177,mus,mixed_sort
1720,153,mus,std_sort
1720,183,mus,mixed_sort
1730,160,mus,std_sort
1730,183,mus,mixed_sort
1740,153,mus,std_sort
1740,179,mus,mixed_sort
1750,158,mus,std_sort
1750,183,mus,mixed_sort
1760,156,mus,std_sort
1760,181,mus,mixed_sort
1770,158,mus,std_sort
1770,183,mus,mixed_sort
1780,167,mus,std_sort
1780,186,mus,mixed_sort
1790,165,mus,std_sort
1790,183,mus,mixed_sort
1800,167,mus,std_sort
1800,191,mus,mixed_sort
1810,162,mus,std_sort
1810,188,mus,mixed_sort
1820,162,mus,std_sort
1820,188,mus,mixed_sort
1830,164,mus,std_sort
1830,191,mus,mixed_sort
1840,181,mus,std_sort
1840,190,mus,mixed_sort
1850,164,mus,std_sort
1850,193,mus,mixed_sort
1860,168,mus,std_sort
1860,195,mus,mixed_sort
1870,172,mus,std_sort
1870,201,mus,mixed_sort
1880,178,mus,std_sort
1880,204,mus,mixed_sort
1890,170,mus,std_sort
1890,196,mus,mixed_sort
1900,171,mus,std_sort
1900,196,mus,mixed_sort
1910,173,mus,std_sort
1910,198,mus,mixed_sort
1920,171,mus,std_sort
1920,199,mus,mixed_sort
1930,179,mus,std_sort
1930,207,mus,mixed_sort
1940,178,mus,std_sort
1940,208,mus,mixed_sort
1950,177,mus,std_sort
1950,205,mus,mixed_sort
1960,177,mus,std_sort
1960,204,mus,mixed_sort
1970,178,mus,std_sort
1970,206,mus,mixed_sort
1980,179,mus,std_sort
1980,207,mus,mixed_sort
1990,207,mus,std_sort
1990,210,mus,mixed_sort
2000,182,mus,std_sort
2000,208,mus,mixed_sort
2010,180,mus,std_sort
2010,209,mus,mixed_sort
2020,182,mus,std_sort
2020,211,mus,mixed_sort
2030,182,mus,std_sort
2030,212,mus,mixed_sort
2040,196,mus,std_sort
2040,212,mus,mixed_sort
2050,184,mus,std_sort
2050,211,mus,mixed_sort
2060,188,mus,std_sort
2060,214,mus,mixed_sort
2070,193,mus,std_sort
2070,224,mus,mixed_sort
2080,193,mus,std_sort
2080,219,mus,mixed_sort
2090,188,mus,std_sort
2090,222,mus,mixed_sort
2100,189,mus,std_sort
2100,221,mus,mixed_sort
2110,191,mus,std_sort
2110,222,mus,mixed_sort
2120,193,mus,std_sort
2120,223,mus,mixed_sort
2130,200,mus,std_sort
2130,230,mus,mixed_sort
2140,194,mus,std_sort
2140,228,mus,mixed_sort
2150,197,mus,std_sort
2150,228,mus,mixed_sort
2160,196,mus,std_sort
2160,229,mus,mixed_sort
2170,197,mus,std_sort
2170,231,mus,mixed_sort
2180,198,mus,std_sort
2180,241,mus,mixed_sort
2190,207,mus,std_sort
2190,240,mus,mixed_sort
2200,201,mus,std_sort
2200,236,mus,mixed_sort
2210,200,mus,std_sort
2210,235,mus,mixed_sort
2220,205,mus,std_sort
2220,238,mus,mixed_sort
2230,204,mus,std_sort
2230,238,mus,mixed_sort
2240,207,mus,std_sort
2240,239,mus,mixed_sort
2250,213,mus,std_sort
2250,247,mus,mixed_sort
2260,212,mus,std_sort
2260,271,mus,mixed_sort
2270,208,mus,std_sort
2270,242,mus,mixed_sort
2280,209,mus,std_sort
2280,245,mus,mixed_sort
2290,209,mus,std_sort
2290,245,mus,mixed_sort
2300,212,mus,std_sort
2300,251,mus,mixed_sort
2310,220,mus,std_sort
2310,254,mus,mixed_sort
2320,215,mus,std_sort
2320,247,mus,mixed_sort
2330,215,mus,std_sort
2330,252,mus,mixed_sort
2340,213,mus,std_sort
2340,252,mus,mixed_sort
2350,217,mus,std_sort
2350,254,mus,mixed_sort
2360,224,mus,std_sort
2360,258,mus,mixed_sort
2370,225,mus,std_sort
2370,262,mus,mixed_sort
2380,219,mus,std_sort
2380,258,mus,mixed_sort
2390,221,mus,std_sort
2390,257,mus,mixed_sort
2400,224,mus,std_sort
2400,258,mus,mixed_sort
2410,220,mus,std_sort
2410,264,mus,mixed_sort
2420,226,mus,std_sort
2420,269,mus,mixed_sort
2430,227,mus,std_sort
2430,264,mus,mixed_sort
2440,228,mus,std_sort
2440,265,mus,mixed_sort
2450,228,mus,std_sort
2450,265,mus,mixed_sort
2460,230,mus,std_sort
2460,264,mus,mixed_sort
2470,230,mus,std_sort
2470,269,mus,mixed_sort
2480,239,mus,std_sort
2480,271,mus,mixed_sort
2490,230,mus,std_sort
2490,272,mus,mixed_sort
2500,233,mus,std_sort
2500,271,mus,mixed_sort
2510,231,mus,std_sort
2510,269,mus,mixed_sort
2520,234,mus,std_sort
2520,270,mus,mixed_sort
2530,235,mus,std_sort
2530,276,mus,mixed_sort
2540,246,mus,std_sort
2540,282,mus,mixed_sort
2550,238,mus,std_sort
2550,272,mus,mixed_sort
2560,237,mus,std_sort
2560,274,mus,mixed_sort
2570,238,mus,std_sort
2570,277,mus,mixed_sort
2580,238,mus,std_sort
2580,276,mus,mixed_sort
2590,249,mus,std_sort
2590,286,mus,mixed_sort
2600,242,mus,std_sort
2600,285,mus,mixed_sort
2610,245,mus,std_sort
2610,283,mus,mixed_sort
2620,248,mus,std_sort
2620,286,mus,mixed_sort
2630,247,mus,std_sort
2630,283,mus,mixed_sort
2640,245,mus,std_sort
2640,286,mus,mixed_sort
2650,246,mus,std_sort
2650,289,mus,mixed_sort
2660,247,mus,std_sort
2660,289,mus,mixed_sort
2670,254,mus,std_sort
2670,290,mus,mixed_sort
2680,251,mus,std_sort
2680,290,mus,mixed_sort
2690,255,mus,std_sort
2690,294,mus,mixed_sort
2700,252,mus,std_sort
2700,297,mus,mixed_sort
2710,262,mus,std_sort
2710,304,mus,mixed_sort
2720,254,mus,std_sort
2720,298,mus,mixed_sort
2730,254,mus,std_sort
2730,298,mus,mixed_sort
2740,255,mus,std_sort
2740,301,mus,mixed_sort
2750,260,mus,std_sort
2750,302,mus,mixed_sort
2760,267,mus,std_sort
2760,308,mus,mixed_sort
2770,261,mus,std_sort
2770,303,mus,mixed_sort
2780,264,mus,std_sort
2780,306,mus,mixed_sort
2790,268,mus,std_sort
2790,309,mus,mixed_sort
2800,263,mus,std_sort
2800,307,mus,mixed_sort
2810,269,mus,std_sort
2810,310,mus,mixed_sort
2820,271,mus,std_sort
2820,312,mus,mixed_sort
2830,261,mus,std_sort
2830,311,mus,mixed_sort
2840,265,mus,std_sort
2840,309,mus,mixed_sort
2850,269,mus,std_sort
2850,311,mus,mixed_sort
2860,273,mus,std_sort
2860,315,mus,mixed_sort
2870,283,mus,std_sort
2870,332,mus,mixed_sort
2880,275,mus,std_sort
2880,315,mus,mixed_sort
2890,274,mus,std_sort
2890,318,mus,mixed_sort
2900,276,mus,std_sort
2900,318,mus,mixed_sort
2910,276,mus,std_sort
2910,323,mus,mixed_sort
2920,285,mus,std_sort
2920,329,mus,mixed_sort
2930,277,mus,std_sort
2930,325,mus,mixed_sort
2940,276,mus,std_sort
2940,322,mus,mixed_sort
2950,280,mus,std_sort
2950,347,mus,mixed_sort
2960,306,mus,std_sort
2960,324,mus,mixed_sort
2970,288,mus,std_sort
2970,335,mus,mixed_sort
2980,283,mus,std_sort
2980,339,mus,mixed_sort
2990,283,mus,std_sort
2990,330,mus,mixed_sort
3000,286,mus,std_sort
3000,329,mus,mixed_sort
3010,283,mus,std_sort
3010,331,mus,mixed_sort
3020,288,mus,std_sort
3020,332,mus,mixed_sort
3030,301,mus,std_sort
3030,342,mus,mixed_sort
3040,290,mus,std_sort
3040,332,mus,mixed_sort
3050,291,mus,std_sort
3050,334,mus,mixed_sort
3060,325,mus,std_sort
3060,336,mus,mixed_sort
3070,292,mus,std_sort
3070,335,mus,mixed_sort
3080,300,mus,std_sort
3080,343,mus,mixed_sort
3090,295,mus,std_sort
3090,340,mus,mixed_sort
3100,295,mus,std_sort
3100,341,mus,mixed_sort
3110,300,mus,std_sort
3110,353,mus,mixed_sort
3120,301,mus,std_sort
3120,352,mus,mixed_sort
3130,301,mus,std_sort
3130,345,mus,mixed_sort
3140,299,mus,std_sort
3140,348,mus,mixed_sort
3150,300,mus,std_sort
3150,349,mus,mixed_sort
3160,300,mus,std_sort
3160,354,mus,mixed_sort
3170,306,mus,std_sort
3170,355,mus,mixed_sort
3180,332,mus,std_sort
3180,374,mus,mixed_sort
3190,308,mus,std_sort
3190,354,mus,mixed_sort
3200,307,mus,std_sort
3200,355,mus,mixed_sort
3210,307,mus,std_sort
3210,357,mus,mixed_sort
3220,311,mus,std_sort
3220,358,mus,mixed_sort
3230,313,mus,std_sort
3230,356,mus,mixed_sort
3240,312,mus,std_sort
3240,361,mus,mixed_sort
3250,317,mus,std_sort
3250,402,mus,mixed_sort
3260,315,mus,std_sort
3260,373,mus,mixed_sort
3270,313,mus,std_sort
3270,364,mus,mixed_sort
3280,315,mus,std_sort
3280,366,mus,mixed_sort
3290,320,mus,std_sort
3290,368,mus,mixed_sort
3300,322,mus,std_sort
3300,370,mus,mixed_sort
3310,326,mus,std_sort
3310,378,mus,mixed_sort
3320,352,mus,std_sort
3320,399,mus,mixed_sort
3330,318,mus,std_sort
3330,374,mus,mixed_sort
3340,322,mus,std_sort
3340,373,mus,mixed_sort
3350,322,mus,std_sort
3350,378,mus,mixed_sort
3360,327,mus,std_sort
3360,378,mus,mixed_sort
3370,327,mus,std_sort
3370,376,mus,mixed_sort
3380,330,mus,std_sort
3380,379,mus,mixed_sort
3390,356,mus,std_sort
3390,386,mus,mixed_sort
3400,338,mus,std_sort
3400,407,mus,mixed_sort
3410,328,mus,std_sort
3410,380,mus,mixed_sort
3420,332,mus,std_sort
3420,382,mus,mixed_sort
3430,331,mus,std_sort
3430,383,mus,mixed_sort
3440,333,mus,std_sort
3440,386,mus,mixed_sort
3450,334,mus,std_sort
3450,390,mus,mixed_sort
3460,404,mus,std_sort
3460,387,mus,mixed_sort
3470,332,mus,std_sort
3470,385,mus,mixed_sort
3480,338,mus,std_sort
3480,388,mus,mixed_sort
3490,348,mus,std_sort
3490,401,mus,mixed_sort
3500,335,mus,std_sort
3500,390,mus,mixed_sort
3510,338,mus,std_sort
3510,392,mus,mixed_sort
3520,346,mus,std_sort
3520,402,mus,mixed_sort
3530,388,mus,std_sort
3530,404,mus,mixed_sort
3540,349,mus,std_sort
3540,401,mus,mixed_sort
3550,391,mus,std_sort
3550,397,mus,mixed_sort
3560,349,mus,std_sort
3560,397,mus,mixed_sort
3570,347,mus,std_sort
3570,407,mus,mixed_sort
3580,357,mus,std_sort
3580,401,mus,mixed_sort
3590,350,mus,std_sort
3590,419,mus,mixed_sort
3600,350,mus,std_sort
3600,408,mus,mixed_sort
3610,353,mus,std_sort
3610,405,mus,mixed_sort
3620,349,mus,std_sort
3620,403,mus,mixed_sort
3630,352,mus,std_sort
3630,412,mus,mixed_sort
3640,370,mus,std_sort
3640,432,mus,mixed_sort
3650,364,mus,std_sort
3650,418,mus,mixed_sort
3660,361,mus,std_sort
3660,411,mus,mixed_sort
3670,365,mus,std_sort
3670,428,mus,mixed_sort
3680,356,mus,std_sort
3680,423,mus,mixed_sort
3690,365,mus,std_sort
3690,427,mus,mixed_sort
3700,417,mus,std_sort
3700,527,mus,mixed_sort
3710,362,mus,std_sort
3710,429,mus,mixed_sort
3720,366,mus,std_sort
3720,420,mus,mixed_sort
3730,362,mus,std_sort
3730,427,mus,mixed_sort
3740,366,mus,std_sort
3740,420,mus,mixed_sort
3750,392,mus,std_sort
3750,433,mus,mixed_sort
3760,398,mus,std_sort
3760,426,mus,mixed_sort
3770,363,mus,std_sort
3770,424,mus,mixed_sort
3780,371,mus,std_sort
3780,426,mus,mixed_sort
3790,375,mus,std_sort
3790,439,mus,mixed_sort
3800,381,mus,std_sort
3800,429,mus,mixed_sort
3810,372,mus,std_sort
3810,435,mus,mixed_sort
3820,369,mus,std_sort
3820,428,mus,mixed_sort
3830,378,mus,std_sort
3830,430,mus,mixed_sort
3840,385,mus,std_sort
3840,431,mus,mixed_sort
3850,375,mus,std_sort
3850,433,mus,mixed_sort
3860,375,mus,std_sort
3860,433,mus,mixed_sort
3870,376,mus,std_sort
3870,440,mus,mixed_sort
3880,387,mus,std_sort
3880,458,mus,mixed_sort
3890,382,mus,std_sort
3890,441,mus,mixed_sort
3900,382,mus,std_sort
3900,438,mus,mixed_sort
3910,382,mus,std_sort
3910,442,mus,mixed_sort
3920,396,mus,std_sort
3920,455,mus,mixed_sort
3930,385,mus,std_sort
3930,443,mus,mixed_sort
3940,412,mus,std_sort
3940,491,mus,mixed_sort
3950,391,mus,std_sort
3950,447,mus,mixed_sort
3960,386,mus,std_sort
3960,458,mus,mixed_sort
3970,392,mus,std_sort
3970,446,mus,mixed_sort
3980,392,mus,std_sort
3980,450,mus,mixed_sort
3990,386,mus,std_sort
3990,449,mus,mixed_sort
4000,388,mus,std_sort
4000,450,mus,mixed_sort
4010,408,mus,std_sort
4010,468,mus,mixed_sort
4020,389,mus,std_sort
4020,451,mus,mixed_sort
4030,392,mus,std_sort
4030,453,mus,mixed_sort
4040,412,mus,std_sort
4040,452,mus,mixed_sort
4050,408,mus,std_sort
4050,469,mus,mixed_sort
4060,400,mus,std_sort
4060,459,mus,mixed_sort
4070,400,mus,std_sort
4070,467,mus,mixed_sort
4080,405,mus,std_sort
4080,460,mus,mixed_sort
4090,411,mus,std_sort
4090,475,mus,mixed_sort
4100,406,mus,std_sort
4100,465,mus,mixed_sort
4110,409,mus,std_sort
4110,468,mus,mixed_sort
4120,402,mus,std_sort
4120,466,mus,mixed_sort
4130,410,mus,std_sort
4130,474,mus,mixed_sort
4140,402,mus,std_sort
4140,470,mus,mixed_sort
4150,411,mus,std_sort
4150,470,mus,mixed_sort
4160,409,mus,std_sort
4160,474,mus,mixed_sort
4170,426,mus,std_sort
4170,485,mus,mixed_sort
4180,418,mus,std_sort
4180,475,mus,mixed_sort
4190,414,mus,std_sort
4190,498,mus,mixed_sort
4200,416,mus,std_sort
4200,477,mus,mixed_sort
4210,426,mus,std_sort
4210,491,mus,mixed_sort
4220,410,mus,std_sort
4220,481,mus,mixed_sort
4230,417,mus,std_sort
4230,484,mus,mixed_sort
4240,413,mus,std_sort
4240,489,mus,mixed_sort
4250,454,mus,std_sort
4250,598,mus,mixed_sort
4260,418,mus,std_sort
4260,484,mus,mixed_sort
4270,426,mus,std_sort
4270,485,mus,mixed_sort
4280,435,mus,std_sort
4280,504,mus,mixed_sort
4290,422,mus,std_sort
4290,491,mus,mixed_sort
4300,426,mus,std_sort
4300,493,mus,mixed_sort
4310,433,mus,std_sort
4310,521,mus,mixed_sort
4320,436,mus,std_sort
4320,511,mus,mixed_sort
4330,430,mus,std_sort
4330,495,mus,mixed_sort
4340,430,mus,std_sort
4340,495,mus,mixed_sort
4350,435,mus,std_sort
4350,499,mus,mixed_sort
4360,438,mus,std_sort
4360,521,mus,mixed_sort
4370,430,mus,std_sort
4370,503,mus,mixed_sort
4380,437,mus,std_sort
4380,503,mus,mixed_sort
4390,436,mus,std_sort
4390,513,mus,mixed_sort
4400,436,mus,std_sort
4400,509,mus,mixed_sort
4410,437,mus,std_sort
4410,508,mus,mixed_sort
4420,471,mus,std_sort
4420,532,mus,mixed_sort
4430,451,mus,std_sort
4430,527,mus,mixed_sort
4440,437,mus,std_sort
4440,513,mus,mixed_sort
4450,442,mus,std_sort
4450,512,mus,mixed_sort
4460,443,mus,std_sort
4460,525,mus,mixed_sort
4470,460,mus,std_sort
4470,526,mus,mixed_sort
4480,458,mus,std_sort
4480,519,mus,mixed_sort
4490,440,mus,std_sort
4490,518,mus,mixed_sort
4500,443,mus,std_sort
4500,520,mus,mixed_sort
4510,453,mus,std_sort
4510,518,mus,mixed_sort
4520,445,mus,std_sort
4520,518,mus,mixed_sort
4530,447,mus,std_sort
4530,524,mus,mixed_sort
4540,524,mus,std_sort
4540,530,mus,mixed_sort
4550,452,mus,std_sort
4550,524,mus,mixed_sort
4560,452,mus,std_sort
4560,525,mus,mixed_sort
4570,455,mus,std_sort
4570,530,mus,mixed_sort
4580,458,mus,std_sort
4580,542,mus,mixed_sort
4590,464,mus,std_sort
4590,555,mus,mixed_sort
4600,459,mus,std_sort
4600,530,mus,mixed_sort
4610,456,mus,std_sort
4610,532,mus,mixed_sort
4620,566,mus,std_sort
4620,702,mus,mixed_sort
4630,465,mus,std_sort
4630,533,mus,mixed_sort
4640,462,mus,std_sort
4640,537,mus,mixed_sort
4650,537,mus,std_sort
4650,562,mus,mixed_sort
4660,466,mus,std_sort
4660,539,mus,mixed_sort
4670,462,mus,std_sort
4670,541,mus,mixed_sort
4680,466,mus,std_sort
4680,544,mus,mixed_sort
4690,478,mus,std_sort
4690,549,mus,mixed_sort
4700,474,mus,std_sort
4700,549,mus,mixed_sort
4710,466,mus,std_sort
4710,548,mus,mixed_sort
4720,470,mus,std_sort
4720,545,mus,mixed_sort
4730,481,mus,std_sort
4730,552,mus,mixed_sort
4740,476,mus,std_sort
4740,550,mus,mixed_sort
4750,474,mus,std_sort
4750,556,mus,mixed_sort
4760,518,mus,std_sort
4760,578,mus,mixed_sort
4770,480,mus,std_sort
4770,553,mus,mixed_sort
4780,476,mus,std_sort
4780,556,mus,mixed_sort
4790,474,mus,std_sort
4790,557,mus,mixed_sort
4800,492,mus,std_sort
4800,558,mus,mixed_sort
4810,501,mus,std_sort
4810,564,mus,mixed_sort
4820,485,mus,std_sort
4820,557,mus,mixed_sort
4830,490,mus,std_sort
4830,569,mus,mixed_sort
4840,483,mus,std_sort
4840,558,mus,mixed_sort
4850,484,mus,std_sort
4850,560,mus,mixed_sort
4860,486,mus,std_sort
4860,561,mus,mixed_sort
4870,499,mus,std_sort
4870,581,mus,mixed_sort
4880,491,mus,std_sort
4880,566,mus,mixed_sort
4890,489,mus,std_sort
4890,569,mus,mixed_sort
4900,487,mus,std_sort
4900,567,mus,mixed_sort
4910,492,mus,std_sort
4910,568,mus,mixed_sort
4920,516,mus,std_sort
4920,580,mus,mixed_sort
4930,497,mus,std_sort
4930,575,mus,mixed_sort
4940,507,mus,std_sort
4940,588,mus,mixed_sort
4950,497,mus,std_sort
4950,580,mus,mixed_sort
4960,499,mus,std_sort
4960,587,mus,mixed_sort
4970,488,mus,std_sort
4970,587,mus,mixed_sort
4980,503,mus,std_sort
4980,580,mus,mixed_sort
4990,502,mus,std_sort
4990,579,mus,mixed_sort
5000,501,mus,std_sort
5000,584,mus,mixed_sort
5010,510,mus,std_sort
5010,584,mus,mixed_sort
5020,520,mus,std_sort
5020,601,mus,mixed_sort
5030,505,mus,std_sort
5030,590,mus,mixed_sort
5040,521,mus,std_sort
5040,640,mus,mixed_sort
5050,504,mus,std_sort
5050,587,mus,mixed_sort
5060,504,mus,std_sort
5060,584,mus,mixed_sort
5070,522,mus,std_sort
5070,607,mus,mixed_sort
5080,577,mus,std_sort
5080,651,mus,mixed_sort
5090,513,mus,std_sort
5090,589,mus,mixed_sort
5100,522,mus,std_sort
5100,604,mus,mixed_sort
5110,524,mus,std_sort
5110,595,mus,mixed_sort
5120,569,mus,std_sort
5120,604,mus,mixed_sort
5130,518,mus,std_sort
5130,600,mus,mixed_sort
5140,529,mus,std_sort
5140,596,mus,mixed_sort
5150,525,mus,std_sort
5150,597,mus,mixed_sort
5160,520,mus,std_sort
5160,599,mus,mixed_sort
5170,552,mus,std_sort
5170,604,mus,mixed_sort
5180,524,mus,std_sort
5180,604,mus,mixed_sort
5190,517,mus,std_sort
5190,606,mus,mixed_sort
5200,536,mus,std_sort
5200,610,mus,mixed_sort
5210,522,mus,std_sort
5210,608,mus,mixed_sort
5220,554,mus,std_sort
5220,647,mus,mixed_sort
5230,538,mus,std_sort
5230,623,mus,mixed_sort
5240,529,mus,std_sort
5240,616,mus,mixed_sort
5250,525,mus,std_sort
5250,613,mus,mixed_sort
5260,524,mus,std_sort
5260,620,mus,mixed_sort
5270,539,mus,std_sort
5270,616,mus,mixed_sort
5280,537,mus,std_sort
5280,617,mus,mixed_sort
5290,537,mus,std_sort
5290,640,mus,mixed_sort
5300,542,mus,std_sort
5300,625,mus,mixed_sort
5310,561,mus,std_sort
5310,824,mus,mixed_sort
5320,553,mus,std_sort
5320,648,mus,mixed_sort
5330,538,mus,std_sort
5330,633,mus,mixed_sort
5340,537,mus,std_sort
5340,635,mus,mixed_sort
5350,542,mus,std_sort
5350,650,mus,mixed_sort
5360,582,mus,std_sort
5360,656,mus,mixed_sort
5370,544,mus,std_sort
5370,632,mus,mixed_sort
5380,561,mus,std_sort
5380,660,mus,mixed_sort
5390,562,mus,std_sort
5390,637,mus,mixed_sort
5400,607,mus,std_sort
5400,694,mus,mixed_sort
5410,571,mus,std_sort
5410,658,mus,mixed_sort
5420,552,mus,std_sort
5420,643,mus,mixed_sort
5430,545,mus,std_sort
5430,640,mus,mixed_sort
5440,578,mus,std_sort
5440,665,mus,mixed_sort
5450,576,mus,std_sort
5450,647,mus,mixed_sort
5460,555,mus,std_sort
5460,646,mus,mixed_sort
5470,548,mus,std_sort
5470,646,mus,mixed_sort
5480,592,mus,std_sort
5480,653,mus,mixed_sort
5490,568,mus,std_sort
5490,644,mus,mixed_sort
5500,611,mus,std_sort
5500,672,mus,mixed_sort
5510,563,mus,std_sort
5510,651,mus,mixed_sort
5520,555,mus,std_sort
5520,653,mus,mixed_sort
5530,565,mus,std_sort
5530,662,mus,mixed_sort
5540,600,mus,std_sort
5540,666,mus,mixed_sort
5550,565,mus,std_sort
5550,652,mus,mixed_sort
5560,570,mus,std_sort
5560,657,mus,mixed_sort
5570,561,mus,std_sort
5570,657,mus,mixed_sort
5580,563,mus,std_sort
5580,661,mus,mixed_sort
5590,629,mus,std_sort
5590,745,mus,mixed_sort
5600,567,mus,std_sort
5600,660,mus,mixed_sort
5610,568,mus,std_sort
5610,665,mus,mixed_sort
5620,571,mus,std_sort
5620,669,mus,mixed_sort
5630,601,mus,std_sort
5630,701,mus,mixed_sort
5640,570,mus,std_sort
5640,669,mus,mixed_sort
5650,572,mus,std_sort
5650,674,mus,mixed_sort
5660,580,mus,std_sort
5660,666,mus,mixed_sort
5670,578,mus,std_sort
5670,667,mus,mixed_sort
5680,613,mus,std_sort
5680,703,mus,mixed_sort
5690,580,mus,std_sort
5690,674,mus,mixed_sort
5700,578,mus,std_sort
5700,676,mus,mixed_sort
5710,582,mus,std_sort
5710,683,mus,mixed_sort
5720,580,mus,std_sort
5720,696,mus,mixed_sort
5730,580,mus,std_sort
5730,682,mus,mixed_sort
5740,592,mus,std_sort
5740,686,mus,mixed_sort
5750,586,mus,std_sort
5750,680,mus,mixed_sort
5760,586,mus,std_sort
5760,679,mus,mixed_sort
5770,882,mus,std_sort
5770,727,mus,mixed_sort
5780,597,mus,std_sort
5780,685,mus,mixed_sort
5790,596,mus,std_sort
5790,684,mus,mixed_sort
5800,597,mus,std_sort
5800,716,mus,mixed_sort
5810,590,mus,std_sort
5810,736,mus,mixed_sort
5820,595,mus,std_sort
5820,689,mus,mixed_sort
5830,608,mus,std_sort
5830,713,mus,mixed_sort
5840,594,mus,std_sort
5840,694,mus,mixed_sort
5850,599,mus,std_sort
5850,690,mus,mixed_sort
5860,624,mus,std_sort
5860,711,mus,mixed_sort
5870,595,mus,std_sort
5870,693,mus,mixed_sort
5880,597,mus,std_sort
5880,695,mus,mixed_sort
5890,616,mus,std_sort
5890,716,mus,mixed_sort
5900,605,mus,std_sort
5900,715,mus,mixed_sort
5910,603,mus,std_sort
5910,696,mus,mixed_sort
5920,600,mus,std_sort
5920,699,mus,mixed_sort
5930,606,mus,std_sort
5930,698,mus,mixed_sort
5940,609,mus,std_sort
5940,702,mus,mixed_sort
5950,630,mus,std_sort
5950,784,mus,mixed_sort
5960,613,mus,std_sort
5960,704,mus,mixed_sort
5970,614,mus,std_sort
5970,708,mus,mixed_sort
5980,631,mus,std_sort
5980,742,mus,mixed_sort
5990,621,mus,std_sort
5990,727,mus,mixed_sort
6000,617,mus,std_sort
6000,711,mus,mixed_sort
6010,641,mus,std_sort
6010,718,mus,mixed_sort
6020,611,mus,std_sort
6020,713,mus,mixed_sort
6030,619,mus,std_sort
6030,710,mus,mixed_sort
6040,767,mus,std_sort
6040,757,mus,mixed_sort
6050,622,mus,std_sort
6050,714,mus,mixed_sort
6060,618,mus,std_sort
6060,718,mus,mixed_sort
6070,633,mus,std_sort
6070,732,mus,mixed_sort
6080,627,mus,std_sort
6080,738,mus,mixed_sort
6090,617,mus,std_sort
6090,716,mus,mixed_sort
6100,623,mus,std_sort
6100,717,mus,mixed_sort
6110,625,mus,std_sort
6110,718,mus,mixed_sort
6120,628,mus,std_sort
6120,718,mus,mixed_sort
6130,655,mus,std_sort
6130,746,mus,mixed_sort
6140,631,mus,std_sort
6140,719,mus,mixed_sort
6150,633,mus,std_sort
6150,726,mus,mixed_sort
6160,640,mus,std_sort
6160,728,mus,mixed_sort
6170,678,mus,std_sort
6170,870,mus,mixed_sort
6180,632,mus,std_sort
6180,750,mus,mixed_sort
6190,635,mus,std_sort
6190,732,mus,mixed_sort
6200,639,mus,std_sort
6200,732,mus,mixed_sort
6210,631,mus,std_sort
6210,737,mus,mixed_sort
6220,641,mus,std_sort
6220,735,mus,mixed_sort
6230,634,mus,std_sort
6230,738,mus,mixed_sort
6240,649,mus,std_sort
6240,762,mus,mixed_sort
6250,649,mus,std_sort
6250,742,mus,mixed_sort
6260,674,mus,std_sort
6260,751,mus,mixed_sort
6270,660,mus,std_sort
6270,764,mus,mixed_sort
6280,644,mus,std_sort
6280,746,mus,mixed_sort
6290,643,mus,std_sort
6290,747,mus,mixed_sort
6300,662,mus,std_sort
6300,780,mus,mixed_sort
6310,647,mus,std_sort
6310,751,mus,mixed_sort
6320,650,mus,std_sort
6320,748,mus,mixed_sort
6330,671,mus,std_sort
6330,760,mus,mixed_sort
6340,654,mus,std_sort
6340,754,mus,mixed_sort
6350,665,mus,std_sort
6350,814,mus,mixed_sort
6360,669,mus,std_sort
6360,758,mus,mixed_sort
6370,651,mus,std_sort
6370,758,mus,mixed_sort
6380,656,mus,std_sort
6380,770,mus,mixed_sort
6390,688,mus,std_sort
6390,783,mus,mixed_sort
6400,666,mus,std_sort
6400,760,mus,mixed_sort
6410,677,mus,std_sort
6410,783,mus,mixed_sort
6420,658,mus,std_sort
6420,766,mus,mixed_sort
6430,659,mus,std_sort
6430,784,mus,mixed_sort
6440,681,mus,std_sort
6440,776,mus,mixed_sort
6450,663,mus,std_sort
6450,770,mus,mixed_sort
6460,678,mus,std_sort
6460,795,mus,mixed_sort
6470,668,mus,std_sort
6470,789,mus,mixed_sort
6480,665,mus,std_sort
6480,774,mus,mixed_sort
6490,682,mus,std_sort
6490,792,mus,mixed_sort
6500,665,mus,std_sort
6500,776,mus,mixed_sort
6510,669,mus,std_sort
6510,776,mus,mixed_sort
6520,759,mus,std_sort
6520,819,mus,mixed_sort
6530,676,mus,std_sort
6530,781,mus,mixed_sort
6540,677,mus,std_sort
6540,785,mus,mixed_sort
6550,677,mus,std_sort
6550,783,mus,mixed_sort
6560,699,mus,std_sort
6560,789,mus,mixed_sort
6570,675,mus,std_sort
6570,803,mus,mixed_sort
6580,674,mus,std_sort
6580,788,mus,mixed_sort
6590,692,mus,std_sort
6590,787,mus,mixed_sort
6600,693,mus,std_sort
6600,835,mus,mixed_sort
6610,689,mus,std_sort
6610,793,mus,mixed_sort
6620,683,mus,std_sort
6620,794,mus,mixed_sort
6630,707,mus,std_sort
6630,814,mus,mixed_sort
6640,698,mus,std_sort
6640,832,mus,mixed_sort
6650,683,mus,std_sort
6650,810,mus,mixed_sort
6660,692,mus,std_sort
6660,799,mus,mixed_sort
6670,685,mus,std_sort
6670,802,mus,mixed_sort
6680,698,mus,std_sort
6680,835,mus,mixed_sort
6690,687,mus,std_sort
6690,802,mus,mixed_sort
6700,688,mus,std_sort
6700,806,mus,mixed_sort
6710,708,mus,std_sort
6710,811,mus,mixed_sort
6720,694,mus,std_sort
6720,865,mus,mixed_sort
6730,710,mus,std_sort
6730,827,mus,mixed_sort
6740,692,mus,std_sort
6740,808,mus,mixed_sort
6750,691,mus,std_sort
6750,814,mus,mixed_sort
6760,717,mus,std_sort
6760,844,mus,mixed_sort
6770,702,mus,std_sort
6770,810,mus,mixed_sort
6780,695,mus,std_sort
6780,814,mus,mixed_sort
6790,705,mus,std_sort
6790,817,mus,mixed_sort
6800,708,mus,std_sort
6800,847,mus,mixed_sort
6810,708,mus,std_sort
6810,840,mus,mixed_sort
6820,707,mus,std_sort
6820,818,mus,mixed_sort
6830,710,mus,std_sort
6830,820,mus,mixed_sort
6840,725,mus,std_sort
6840,855,mus,mixed_sort
6850,713,mus,std_sort
6850,823,mus,mixed_sort
6860,713,mus,std_sort
6860,825,mus,mixed_sort
6870,708,mus,std_sort
6870,821,mus,mixed_sort
6880,711,mus,std_sort
6880,833,mus,mixed_sort
6890,737,mus,std_sort
6890,847,mus,mixed_sort
6900,716,mus,std_sort
6900,828,mus,mixed_sort
6910,721,mus,std_sort
6910,827,mus,mixed_sort
6920,734,mus,std_sort
6920,861,mus,mixed_sort
6930,727,mus,std_sort
6930,830,mus,mixed_sort
6940,722,mus,std_sort
6940,847,mus,mixed_sort
6950,733,mus,std_sort
6950,832,mus,mixed_sort
6960,729,mus,std_sort
6960,943,mus,mixed_sort
6970,745,mus,std_sort
6970,854,mus,mixed_sort
6980,725,mus,std_sort
6980,835,mus,mixed_sort
6990,727,mus,std_sort
6990,840,mus,mixed_sort
7000,816,mus,std_sort
7000,1056,mus,mixed_sort
7010,735,mus,std_sort
7010,841,mus,mixed_sort
7020,751,mus,std_sort
7020,860,mus,mixed_sort
7030,729,mus,std_sort
7030,841,mus,mixed_sort
7040,751,mus,std_sort
7040,887,mus,mixed_sort
7050,748,mus,std_sort
7050,843,mus,mixed_sort
7060,737,mus,std_sort
7060,848,mus,mixed_sort
7070,746,mus,std_sort
7070,870,mus,mixed_sort
7080,743,mus,std_sort
7080,875,mus,mixed_sort
7090,741,mus,std_sort
7090,850,mus,mixed_sort
7100,759,mus,std_sort
7100,866,mus,mixed_sort
7110,743,mus,std_sort
7110,849,mus,mixed_sort
7120,749,mus,std_sort
7120,889,mus,mixed_sort
7130,764,mus,std_sort
7130,870,mus,mixed_sort
7140,739,mus,std_sort
7140,853,mus,mixed_sort
7150,753,mus,std_sort
7150,880,mus,mixed_sort
7160,767,mus,std_sort
7160,928,mus,mixed_sort
7170,750,mus,std_sort
7170,857,mus,mixed_sort
7180,767,mus,std_sort
7180,856,mus,mixed_sort
7190,751,mus,std_sort
7190,865,mus,mixed_sort
7200,761,mus,std_sort
7200,934,mus,mixed_sort
7210,758,mus,std_sort
7210,867,mus,mixed_sort
7220,751,mus,std_sort
7220,865,mus,mixed_sort
7230,780,mus,std_sort
7230,888,mus,mixed_sort
7240,822,mus,std_sort
7240,908,mus,mixed_sort
7250,752,mus,std_sort
7250,870,mus,mixed_sort
7260,797,mus,std_sort
7260,874,mus,mixed_sort
7270,751,mus,std_sort
7270,906,mus,mixed_sort
7280,806,mus,std_sort
7280,907,mus,mixed_sort
7290,759,mus,std_sort
7290,874,mus,mixed_sort
7300,767,mus,std_sort
7300,882,mus,mixed_sort
7310,767,mus,std_sort
7310,877,mus,mixed_sort
7320,775,mus,std_sort
7320,880,mus,mixed_sort
7330,786,mus,std_sort
7330,904,mus,mixed_sort
7340,754,mus,std_sort
7340,880,mus,mixed_sort
7350,770,mus,std_sort
7350,887,mus,mixed_sort
7360,823,mus,std_sort
7360,903,mus,mixed_sort
7370,772,mus,std_sort
7370,889,mus,mixed_sort
7380,792,mus,std_sort
7380,905,mus,mixed_sort
7390,768,mus,std_sort
7390,978,mus,mixed_sort
7400,796,mus,std_sort
7400,918,mus,mixed_sort
7410,774,mus,std_sort
7410,892,mus,mixed_sort
7420,774,mus,std_sort
7420,895,mus,mixed_sort
7430,859,mus,std_sort
7430,933,mus,mixed_sort
7440,779,mus,std_sort
7440,898,mus,mixed_sort
7450,779,mus,std_sort
7450,926,mus,mixed_sort
7460,775,mus,std_sort
7460,901,mus,mixed_sort
7470,798,mus,std_sort
7470,906,mus,mixed_sort
7480,796,mus,std_sort
7480,926,mus,mixed_sort
7490,784,mus,std_sort
7490,905,mus,mixed_sort
7500,779,mus,std_sort
7500,919,mus,mixed_sort
7510,817,mus,std_sort
7510,951,mus,mixed_sort
7520,773,mus,std_sort
7520,925,mus,mixed_sort
7530,787,mus,std_sort
7530,909,mus,mixed_sort
7540,798,mus,std_sort
7540,910,mus,mixed_sort
7550,791,mus,std_sort
7550,946,mus,mixed_sort
7560,792,mus,std_sort
7560,914,mus,mixed_sort
7570,787,mus,std_sort
7570,914,mus,mixed_sort
7580,820,mus,std_sort
7580,986,mus,mixed_sort
7590,795,mus,std_sort
7590,914,mus,mixed_sort
7600,800,mus,std_sort
7600,938,mus,mixed_sort
7610,799,mus,std_sort
7610,920,mus,mixed_sort
7620,817,mus,std_sort
7620,939,mus,mixed_sort
7630,817,mus,std_sort
7630,921,mus,mixed_sort
7640,806,mus,std_sort
7640,921,mus,mixed_sort
7650,824,mus,std_sort
7650,945,mus,mixed_sort
7660,814,mus,std_sort
7660,938,mus,mixed_sort
7670,799,mus,std_sort
7670,924,mus,mixed_sort
7680,819,mus,std_sort
7680,924,mus,mixed_sort
7690,810,mus,std_sort
7690,924,mus,mixed_sort
7700,841,mus,std_sort
7700,948,mus,mixed_sort
7710,815,mus,std_sort
7710,933,mus,mixed_sort
7720,828,mus,std_sort
7720,933,mus,mixed_sort
7730,822,mus,std_sort
7730,966,mus,mixed_sort
7740,860,mus,std_sort
7740,938,mus,mixed_sort
7750,819,mus,std_sort
7750,965,mus,mixed_sort
7760,816,mus,std_sort
7760,944,mus,mixed_sort
7770,828,mus,std_sort
7770,991,mus,mixed_sort
7780,828,mus,std_sort
7780,950,mus,mixed_sort
7790,828,mus,std_sort
7790,940,mus,mixed_sort
7800,825,mus,std_sort
7800,945,mus,mixed_sort
7810,830,mus,std_sort
7810,948,mus,mixed_sort
7820,815,mus,std_sort
7820,949,mus,mixed_sort
7830,822,mus,std_sort
7830,947,mus,mixed_sort
7840,828,mus,std_sort
7840,950,mus,mixed_sort
7850,866,mus,std_sort
7850,1028,mus,mixed_sort
7860,819,mus,std_sort
7860,953,mus,mixed_sort
7870,836,mus,std_sort
7870,979,mus,mixed_sort
7880,829,mus,std_sort
7880,960,mus,mixed_sort
7890,828,mus,std_sort
7890,957,mus,mixed_sort
7900,832,mus,std_sort
7900,955,mus,mixed_sort
7910,832,mus,std_sort
7910,957,mus,mixed_sort
7920,886,mus,std_sort
7920,1007,mus,mixed_sort
7930,836,mus,std_sort
7930,958,mus,mixed_sort
7940,830,mus,std_sort
7940,980,mus,mixed_sort
7950,835,mus,std_sort
7950,961,mus,mixed_sort
7960,844,mus,std_sort
7960,964,mus,mixed_sort
7970,864,mus,std_sort
7970,972,mus,mixed_sort
7980,841,mus,std_sort
7980,967,mus,mixed_sort
7990,841,mus,std_sort
7990,1009,mus,mixed_sort
8000,841,mus,std_sort
8000,968,mus,mixed_sort
8010,843,mus,std_sort
8010,988,mus,mixed_sort
8020,850,mus,std_sort
8020,972,mus,mixed_sort
8030,851,mus,std_sort
8030,976,mus,mixed_sort
8040,840,mus,std_sort
8040,974,mus,mixed_sort
8050,840,mus,std_sort
8050,979,mus,mixed_sort
8060,862,mus,std_sort
8060,1034,mus,mixed_sort
8070,853,mus,std_sort
8070,979,mus,mixed_sort
8080,860,mus,std_sort
8080,1001,mus,mixed_sort
8090,847,mus,std_sort
8090,981,mus,mixed_sort
8100,886,mus,std_sort
8100,983,mus,mixed_sort
8110,860,mus,std_sort
8110,990,mus,mixed_sort
8120,857,mus,std_sort
8120,980,mus,mixed_sort
8130,875,mus,std_sort
8130,998,mus,mixed_sort
8140,913,mus,std_sort
8140,984,mus,mixed_sort
8150,871,mus,std_sort
8150,1008,mus,mixed_sort
8160,858,mus,std_sort
8160,988,mus,mixed_sort
8170,857,mus,std_sort
8170,1015,mus,mixed_sort
8180,873,mus,std_sort
8180,991,mus,mixed_sort
8190,860,mus,std_sort
8190,993,mus,mixed_sort
8200,884,mus,std_sort
8200,1021,mus,mixed_sort
8210,889,mus,std_sort
8210,1057,mus,mixed_sort
8220,867,mus,std_sort
8220,1013,mus,mixed_sort
8230,878,mus,std_sort
8230,993,mus,mixed_sort
8240,868,mus,std_sort
8240,1021,mus,mixed_sort
8250,902,mus,std_sort
8250,1011,mus,mixed_sort
8260,872,mus,std_sort
8260,1003,mus,mixed_sort
8270,916,mus,std_sort
8270,1025,mus,mixed_sort
8280,915,mus,std_sort
8280,1155,mus,mixed_sort
8290,881,mus,std_sort
8290,1006,mus,mixed_sort
8300,880,mus,std_sort
8300,1012,mus,mixed_sort
8310,884,mus,std_sort
8310,1012,mus,mixed_sort
8320,928,mus,std_sort
8320,1009,mus,mixed_sort
8330,880,mus,std_sort
8330,1015,mus,mixed_sort
8340,910,mus,std_sort
8340,1038,mus,mixed_sort
8350,919,mus,std_sort
8350,1028,mus,mixed_sort
8360,882,mus,std_sort
8360,1040,mus,mixed_sort
8370,887,mus,std_sort
8370,1032,mus,mixed_sort
8380,887,mus,std_sort
8380,1029,mus,mixed_sort
8390,900,mus,std_sort
8390,1023,mus,mixed_sort
8400,894,mus,std_sort
8400,1028,mus,mixed_sort
8410,918,mus,std_sort
8410,1039,mus,mixed_sort
8420,916,mus,std_sort
8420,1065,mus,mixed_sort
8430,918,mus,std_sort
8430,1067,mus,mixed_sort
8440,893,mus,std_sort
8440,1033,mus,mixed_sort
8450,894,mus,std_sort
8450,1074,mus,mixed_sort
8460,900,mus,std_sort
8460,1041,mus,mixed_sort
8470,896,mus,std_sort
8470,1042,mus,mixed_sort
8480,901,mus,std_sort
8480,1040,mus,mixed_sort
8490,931,mus,std_sort
8490,1085,mus,mixed_sort
8500,892,mus,std_sort
8500,1042,mus,mixed_sort
8510,904,mus,std_sort
8510,1042,mus,mixed_sort
8520,902,mus,std_sort
8520,1056,mus,mixed_sort
8530,904,mus,std_sort
8530,1047,mus,mixed_sort
8540,904,mus,std_sort
8540,1076,mus,mixed_sort
8550,906,mus,std_sort
8550,1053,mus,mixed_sort
8560,940,mus,std_sort
8560,1054,mus,mixed_sort
8570,918,mus,std_sort
8570,1057,mus,mixed_sort
8580,905,mus,std_sort
8580,1055,mus,mixed_sort
8590,937,mus,std_sort
8590,1133,mus,mixed_sort
8600,906,mus,std_sort
8600,1058,mus,mixed_sort
8610,924,mus,std_sort
8610,1090,mus,mixed_sort
8620,917,mus,std_sort
8620,1062,mus,mixed_sort
8630,926,mus,std_sort
8630,1090,mus,mixed_sort
8640,927,mus,std_sort
8640,1064,mus,mixed_sort
8650,916,mus,std_sort
8650,1068,mus,mixed_sort
8660,942,mus,std_sort
8660,1087,mus,mixed_sort
8670,914,mus,std_sort
8670,1068,mus,mixed_sort
8680,933,mus,std_sort
8680,1074,mus,mixed_sort
8690,925,mus,std_sort
8690,1108,mus,mixed_sort
8700,936,mus,std_sort
8700,1091,mus,mixed_sort
8710,922,mus,std_sort
8710,1073,mus,mixed_sort
8720,934,mus,std_sort
8720,1098,mus,mixed_sort
8730,950,mus,std_sort
8730,1121,mus,mixed_sort
8740,938,mus,std_sort
8740,1080,mus,mixed_sort
8750,930,mus,std_sort
8750,1082,mus,mixed_sort
8760,989,mus,std_sort
8760,1089,mus,mixed_sort
8770,934,mus,std_sort
8770,1081,mus,mixed_sort
8780,924,mus,std_sort
8780,1087,mus,mixed_sort
8790,955,mus,std_sort
8790,1133,mus,mixed_sort
8800,931,mus,std_sort
8800,1087,mus,mixed_sort
8810,971,mus,std_sort
8810,1124,mus,mixed_sort
8820,945,mus,std_sort
8820,1089,mus,mixed_sort
8830,961,mus,std_sort
8830,1117,mus,mixed_sort
8840,938,mus,std_sort
8840,1094,mus,mixed_sort
8850,946,mus,std_sort
8850,1092,mus,mixed_sort
8860,981,mus,std_sort
8860,1107,mus,mixed_sort
8870,942,mus,std_sort
8870,1117,mus,mixed_sort
8880,942,mus,std_sort
8880,1097,mus,mixed_sort
8890,943,mus,std_sort
8890,1126,mus,mixed_sort
8900,954,mus,std_sort
8900,1098,mus,mixed_sort
8910,954,mus,std_sort
8910,1104,mus,mixed_sort
8920,983,mus,std_sort
8920,1121,mus,mixed_sort
8930,997,mus,std_sort
8930,1103,mus,mixed_sort
8940,971,mus,std_sort
8940,1146,mus,mixed_sort
8950,948,mus,std_sort
8950,1108,mus,mixed_sort
8960,992,mus,std_sort
8960,1127,mus,mixed_sort
8970,948,mus,std_sort
8970,1112,mus,mixed_sort
8980,964,mus,std_sort
8980,1135,mus,mixed_sort
8990,954,mus,std_sort
8990,1152,mus,mixed_sort
9000,960,mus,std_sort
9000,1128,mus,mixed_sort
9010,966,mus,std_sort
9010,1113,mus,mixed_sort
9020,963,mus,std_sort
9020,1116,mus,mixed_sort
9030,980,mus,std_sort
9030,1119,mus,mixed_sort
9040,973,mus,std_sort
9040,1120,mus,mixed_sort
9050,969,mus,std_sort
9050,1117,mus,mixed_sort
9060,986,mus,std_sort
9060,1157,mus,mixed_sort
9070,1008,mus,std_sort
9070,1127,mus,mixed_sort
9080,968,mus,std_sort
9080,1119,mus,mixed_sort
9090,984,mus,std_sort
9090,1168,mus,mixed_sort
9100,977,mus,std_sort
9100,1126,mus,mixed_sort
9110,971,mus,std_sort
9110,1139,mus,mixed_sort
9120,968,mus,std_sort
9120,1125,mus,mixed_sort
9130,1023,mus,std_sort
9130,1130,mus,mixed_sort
9140,975,mus,std_sort
9140,1126,mus,mixed_sort
9150,969,mus,std_sort
9150,1125,mus,mixed_sort
9160,1017,mus,std_sort
9160,1138,mus,mixed_sort
9170,982,mus,std_sort
9170,1132,mus,mixed_sort
9180,1004,mus,std_sort
9180,1156,mus,mixed_sort
9190,985,mus,std_sort
9190,1185,mus,mixed_sort
9200,1006,mus,std_sort
9200,1165,mus,mixed_sort
9210,985,mus,std_sort
9210,1134,mus,mixed_sort
9220,978,mus,std_sort
9220,1161,mus,mixed_sort
9230,981,mus,std_sort
9230,1140,mus,mixed_sort
9240,990,mus,std_sort
9240,1153,mus,mixed_sort
9250,981,mus,std_sort
9250,1143,mus,mixed_sort
9260,998,mus,std_sort
9260,1143,mus,mixed_sort
9270,1000,mus,std_sort
9270,1145,mus,mixed_sort
9280,993,mus,std_sort
9280,1148,mus,mixed_sort
9290,1054,mus,std_sort
9290,1193,mus,mixed_sort
9300,988,mus,std_sort
9300,1150,mus,mixed_sort
9310,1029,mus,std_sort
9310,1157,mus,mixed_sort
9320,1001,mus,std_sort
9320,1185,mus,mixed_sort
9330,1027,mus,std_sort
9330,1172,mus,mixed_sort
9340,999,mus,std_sort
9340,1158,mus,mixed_sort
9350,998,mus,std_sort
9350,1162,mus,mixed_sort
9360,991,mus,std_sort
9360,1167,mus,mixed_sort
9370,1013,mus,std_sort
9370,1194,mus,mixed_sort
9380,995,mus,std_sort
9380,1165,mus,mixed_sort
9390,1010,mus,std_sort
9390,1203,mus,mixed_sort
9400,1005,mus,std_sort
9400,1168,mus,mixed_sort
9410,998,mus,std_sort
9410,1170,mus,mixed_sort
9420,1034,mus,std_sort
9420,1216,mus,mixed_sort
9430,1015,mus,std_sort
9430,1174,mus,mixed_sort
9440,1010,mus,std_sort
9440,1178,mus,mixed_sort
9450,1075,mus,std_sort
9450,1188,mus,mixed_sort
9460,1008,mus,std_sort
9460,1180,mus,mixed_sort
9470,1015,mus,std_sort
9470,1183,mus,mixed_sort
9480,1028,mus,std_sort
9480,1230,mus,mixed_sort
9490,1012,mus,std_sort
9490,1179,mus,mixed_sort
9500,1023,mus,std_sort
9500,1192,mus,mixed_sort
9510,1028,mus,std_sort
9510,1207,mus,mixed_sort
9520,1040,mus,std_sort
9520,1180,mus,mixed_sort
9530,1019,mus,std_sort
9530,1185,mus,mixed_sort
9540,1027,mus,std_sort
9540,1192,mus,mixed_sort
9550,1079,mus,std_sort
9550,1188,mus,mixed_sort
9560,1056,mus,std_sort
9560,1193,mus,mixed_sort
9570,1014,mus,std_sort
9570,1185,mus,mixed_sort
9580,1054,mus,std_sort
9580,1224,mus,mixed_sort
9590,1025,mus,std_sort
9590,1192,mus,mixed_sort
9600,1052,mus,std_sort
9600,1227,mus,mixed_sort
9610,1067,mus,std_sort
9610,1214,mus,mixed_sort
9620,1024,mus,std_sort
9620,1240,mus,mixed_sort
9630,1028,mus,std_sort
9630,1200,mus,mixed_sort
9640,1045,mus,std_sort
9640,1228,mus,mixed_sort
9650,1036,mus,std_sort
9650,1198,mus,mixed_sort
9660,1031,mus,std_sort
9660,1199,mus,mixed_sort
9670,1089,mus,std_sort
9670,1262,mus,mixed_sort
9680,1040,mus,std_sort
9680,1234,mus,mixed_sort
9690,1072,mus,std_sort
9690,1206,mus,mixed_sort
9700,1053,mus,std_sort
9700,1327,mus,mixed_sort
9710,1044,mus,std_sort
9710,1208,mus,mixed_sort
9720,1073,mus,std_sort
9720,1226,mus,mixed_sort
9730,1046,mus,std_sort
9730,1269,mus,mixed_sort
9740,1069,mus,std_sort
9740,1220,mus,mixed_sort
9750,1043,mus,std_sort
9750,1209,mus,mixed_sort
9760,1072,mus,std_sort
9760,1286,mus,mixed_sort
9770,1053,mus,std_sort
9770,1213,mus,mixed_sort
9780,1082,mus,std_sort
9780,1226,mus,mixed_sort
9790,1058,mus,std_sort
9790,1257,mus,mixed_sort
9800,1073,mus,std_sort
9800,1222,mus,mixed_sort
9810,1060,mus,std_sort
9810,1218,mus,mixed_sort
9820,1084,mus,std_sort
9820,1248,mus,mixed_sort
9830,1049,mus,std_sort
9830,1224,mus,mixed_sort
9840,1087,mus,std_sort
9840,1235,mus,mixed_sort
9850,1052,mus,std_sort
9850,1240,mus,mixed_sort
9860,1078,mus,std_sort
9860,1237,mus,mixed_sort
9870,1053,mus,std_sort
9870,1230,mus,mixed_sort
9880,1099,mus,std_sort
9880,1273,mus,mixed_sort
9890,1065,mus,std_sort
9890,1230,mus,mixed_sort
9900,1094,mus,std_sort
9900,1256,mus,mixed_sort
9910,1064,mus,std_sort
9910,1245,mus,mixed_sort
9920,1061,mus,std_sort
9920,1230,mus,mixed_sort
9930,1066,mus,std_sort
9930,1230,mus,mixed_sort
9940,1098,mus,std_sort
9940,1253,mus,mixed_sort
9950,1071,mus,std_sort
9950,1236,mus,mixed_sort
9960,1083,mus,std_sort
9960,1245,mus,mixed_sort
9970,1075,mus,std_sort
9970,1247,mus,mixed_sort
9980,1107,mus,std_sort
9980,1237,mus,mixed_sort
9990,1073,mus,std_sort
9990,1238,mus,mixed_sort
10000,1092,mus,std_sort
10000,1275,mus,mixed_sort
