10,2,mus,hoare_sort_wmt
20,1,mus,hoare_sort_wmt
30,2,mus,hoare_sort_wmt
40,2,mus,hoare_sort_wmt
50,3,mus,hoare_sort_wmt
60,3,mus,hoare_sort_wmt
70,4,mus,hoare_sort_wmt
80,5,mus,hoare_sort_wmt
90,6,mus,hoare_sort_wmt
100,6,mus,hoare_sort_wmt
110,8,mus,hoare_sort_wmt
120,8,mus,hoare_sort_wmt
130,9,mus,hoare_sort_wmt
140,47,mus,hoare_sort_wmt
150,10,mus,hoare_sort_wmt
160,13,mus,hoare_sort_wmt
170,13,mus,hoare_sort_wmt
180,13,mus,hoare_sort_wmt
190,15,mus,hoare_sort_wmt
200,15,mus,hoare_sort_wmt
210,16,mus,hoare_sort_wmt
220,17,mus,hoare_sort_wmt
230,17,mus,hoare_sort_wmt
240,17,mus,hoare_sort_wmt
250,19,mus,hoare_sort_wmt
260,19,mus,hoare_sort_wmt
270,20,mus,hoare_sort_wmt
280,20,mus,hoare_sort_wmt
290,21,mus,hoare_sort_wmt
300,25,mus,hoare_sort_wmt
310,27,mus,hoare_sort_wmt
320,26,mus,hoare_sort_wmt
330,25,mus,hoare_sort_wmt
340,26,mus,hoare_sort_wmt
350,27,mus,hoare_sort_wmt
360,29,mus,hoare_sort_wmt
370,29,mus,hoare_sort_wmt
380,29,mus,hoare_sort_wmt
390,30,mus,hoare_sort_wmt
400,32,mus,hoare_sort_wmt
410,33,mus,hoare_sort_wmt
420,34,mus,hoare_sort_wmt
430,35,mus,hoare_sort_wmt
440,35,mus,hoare_sort_wmt
450,37,mus,hoare_sort_wmt
460,36,mus,hoare_sort_wmt
470,37,mus,hoare_sort_wmt
480,39,mus,hoare_sort_wmt
490,43,mus,hoare_sort_wmt
500,43,mus,hoare_sort_wmt
510,62,mus,hoare_sort_wmt
520,42,mus,hoare_sort_wmt
530,43,mus,hoare_sort_wmt
540,45,mus,hoare_sort_wmt
550,45,mus,hoare_sort_wmt
560,46,mus,hoare_sort_wmt
570,46,mus,hoare_sort_wmt
580,47,mus,hoare_sort_wmt
590,48,mus,hoare_sort_wmt
600,49,mus,hoare_sort_wmt
610,51,mus,hoare_sort_wmt
620,52,mus,hoare_sort_wmt
630,53,mus,hoare_sort_wmt
640,106,mus,hoare_sort_wmt
650,59,mus,hoare_sort_wmt
660,58,mus,hoare_sort_wmt
670,61,mus,hoare_sort_wmt
680,61,mus,hoare_sort_wmt
690,61,mus,hoare_sort_wmt
700,64,mus,hoare_sort_wmt
710,64,mus,hoare_sort_wmt
720,68,mus,hoare_sort_wmt
730,69,mus,hoare_sort_wmt
740,66,mus,hoare_sort_wmt
750,69,mus,hoare_sort_wmt
760,68,mus,hoare_sort_wmt
770,70,mus,hoare_sort_wmt
780,71,mus,hoare_sort_wmt
790,69,mus,hoare_sort_wmt
800,71,mus,hoare_sort_wmt
810,72,mus,hoare_sort_wmt
820,74,mus,hoare_sort_wmt
830,78,mus,hoare_sort_wmt
840,76,mus,hoare_sort_wmt
850,75,mus,hoare_sort_wmt
860,77,mus,hoare_sort_wmt
870,78,mus,hoare_sort_wmt
880,79,mus,hoare_sort_wmt
890,81,mus,hoare_sort_wmt
900,81,mus,hoare_sort_wmt
910,82,mus,hoare_sort_wmt
920,83,mus,hoare_sort_wmt
930,86,mus,hoare_sort_wmt
940,85,mus,hoare_sort_wmt
950,87,mus,hoare_sort_wmt
960,88,mus,hoare_sort_wmt
970,87,mus,hoare_sort_wmt
980,90,mus,hoare_sort_wmt
990,92,mus,hoare_sort_wmt
1000,93,mus,hoare_sort_wmt
1010,91,mus,hoare_sort_wmt
1020,94,mus,hoare_sort_wmt
1030,100,mus,hoare_sort_wmt
1040,99,mus,hoare_sort_wmt
1050,97,mus,hoare_sort_wmt
1060,100,mus,hoare_sort_wmt
1070,99,mus,hoare_sort_wmt
1080,100,mus,hoare_sort_wmt
1090,99,mus,hoare_sort_wmt
1100,103,mus,hoare_sort_wmt
1110,103,mus,hoare_sort_wmt
1120,104,mus,hoare_sort_wmt
1130,106,mus,hoare_sort_wmt
1140,108,mus,hoare_sort_wmt
1150,110,mus,hoare_sort_wmt
1160,111,mus,hoare_sort_wmt
1170,111,mus,hoare_sort_wmt
1180,112,mus,hoare_sort_wmt
1190,112,mus,hoare_sort_wmt
1200,112,mus,hoare_sort_wmt
1210,114,mus,hoare_sort_wmt
1220,112,mus,hoare_sort_wmt
1230,117,mus,hoare_sort_wmt
1240,116,mus,hoare_sort_wmt
1250,119,mus,hoare_sort_wmt
1260,121,mus,hoare_sort_wmt
1270,120,mus,hoare_sort_wmt
1280,122,mus,hoare_sort_wmt
1290,124,mus,hoare_sort_wmt
1300,126,mus,hoare_sort_wmt
1310,124,mus,hoare_sort_wmt
1320,125,mus,hoare_sort_wmt
1330,131,mus,hoare_sort_wmt
1340,135,mus,hoare_sort_wmt
1350,128,mus,hoare_sort_wmt
1360,129,mus,hoare_sort_wmt
1370,134,mus,hoare_sort_wmt
1380,132,mus,hoare_sort_wmt
1390,135,mus,hoare_sort_wmt
1400,133,mus,hoare_sort_wmt
1410,135,mus,hoare_sort_wmt
1420,135,mus,hoare_sort_wmt
1430,137,mus,hoare_sort_wmt
1440,144,mus,hoare_sort_wmt
1450,140,mus,hoare_sort_wmt
1460,140,mus,hoare_sort_wmt
1470,141,mus,hoare_sort_wmt
1480,140,mus,hoare_sort_wmt
1490,145,mus,hoare_sort_wmt
1500,144,mus,hoare_sort_wmt
1510,146,mus,hoare_sort_wmt
1520,148,mus,hoare_sort_wmt
1530,146,mus,hoare_sort_wmt
1540,148,mus,hoare_sort_wmt
1550,189,mus,hoare_sort_wmt
1560,150,mus,hoare_sort_wmt
1570,158,mus,hoare_sort_wmt
1580,152,mus,hoare_sort_wmt
1590,153,mus,hoare_sort_wmt
1600,154,mus,hoare_sort_wmt
1610,157,mus,hoare_sort_wmt
1620,157,mus,hoare_sort_wmt
1630,158,mus,hoare_sort_wmt
1640,160,mus,hoare_sort_wmt
1650,161,mus,hoare_sort_wmt
1660,163,mus,hoare_sort_wmt
1670,163,mus,hoare_sort_wmt
1680,194,mus,hoare_sort_wmt
1690,167,mus,hoare_sort_wmt
1700,172,mus,hoare_sort_wmt
1710,170,mus,hoare_sort_wmt
1720,168,mus,hoare_sort_wmt
1730,170,mus,hoare_sort_wmt
1740,172,mus,hoare_sort_wmt
1750,173,mus,hoare_sort_wmt
1760,174,mus,hoare_sort_wmt
1770,175,mus,hoare_sort_wmt
1780,174,mus,hoare_sort_wmt
1790,174,mus,hoare_sort_wmt
1800,179,mus,hoare_sort_wmt
1810,186,mus,hoare_sort_wmt
1820,252,mus,hoare_sort_wmt
1830,181,mus,hoare_sort_wmt
1840,185,mus,hoare_sort_wmt
1850,185,mus,hoare_sort_wmt
1860,181,mus,hoare_sort_wmt
1870,185,mus,hoare_sort_wmt
1880,187,mus,hoare_sort_wmt
1890,187,mus,hoare_sort_wmt
1900,189,mus,hoare_sort_wmt
1910,202,mus,hoare_sort_wmt
1920,192,mus,hoare_sort_wmt
1930,200,mus,hoare_sort_wmt
1940,243,mus,hoare_sort_wmt
1950,197,mus,hoare_sort_wmt
1960,194,mus,hoare_sort_wmt
1970,193,mus,hoare_sort_wmt
1980,197,mus,hoare_sort_wmt
1990,199,mus,hoare_sort_wmt
2000,204,mus,hoare_sort_wmt
2010,209,mus,hoare_sort_wmt
2020,204,mus,hoare_sort_wmt
2030,210,mus,hoare_sort_wmt
2040,204,mus,hoare_sort_wmt
2050,207,mus,hoare_sort_wmt
2060,212,mus,hoare_sort_wmt
2070,207,mus,hoare_sort_wmt
2080,207,mus,hoare_sort_wmt
2090,208,mus,hoare_sort_wmt
2100,217,mus,hoare_sort_wmt
2110,214,mus,hoare_sort_wmt
2120,211,mus,hoare_sort_wmt
2130,213,mus,hoare_sort_wmt
2140,226,mus,hoare_sort_wmt
2150,218,mus,hoare_sort_wmt
2160,219,mus,hoare_sort_wmt
2170,217,mus,hoare_sort_wmt
2180,215,mus,hoare_sort_wmt
2190,221,mus,hoare_sort_wmt
2200,222,mus,hoare_sort_wmt
2210,221,mus,hoare_sort_wmt
2220,224,mus,hoare_sort_wmt
2230,224,mus,hoare_sort_wmt
2240,237,mus,hoare_sort_wmt
2250,237,mus,hoare_sort_wmt
2260,231,mus,hoare_sort_wmt
2270,230,mus,hoare_sort_wmt
2280,233,mus,hoare_sort_wmt
2290,231,mus,hoare_sort_wmt
2300,233,mus,hoare_sort_wmt
2310,234,mus,hoare_sort_wmt
2320,238,mus,hoare_sort_wmt
2330,238,mus,hoare_sort_wmt
2340,242,mus,hoare_sort_wmt
2350,251,mus,hoare_sort_wmt
2360,251,mus,hoare_sort_wmt
2370,238,mus,hoare_sort_wmt
2380,238,mus,hoare_sort_wmt
2390,242,mus,hoare_sort_wmt
2400,246,mus,hoare_sort_wmt
2410,243,mus,hoare_sort_wmt
2420,249,mus,hoare_sort_wmt
2430,250,mus,hoare_sort_wmt
2440,248,mus,hoare_sort_wmt
2450,250,mus,hoare_sort_wmt
2460,261,mus,hoare_sort_wmt
2470,252,mus,hoare_sort_wmt
2480,252,mus,hoare_sort_wmt
2490,258,mus,hoare_sort_wmt
2500,259,mus,hoare_sort_wmt
2510,255,mus,hoare_sort_wmt
2520,256,mus,hoare_sort_wmt
2530,263,mus,hoare_sort_wmt
2540,259,mus,hoare_sort_wmt
2550,263,mus,hoare_sort_wmt
2560,272,mus,hoare_sort_wmt
2570,266,mus,hoare_sort_wmt
2580,265,mus,hoare_sort_wmt
2590,276,mus,hoare_sort_wmt
2600,269,mus,hoare_sort_wmt
2610,274,mus,hoare_sort_wmt
2620,268,mus,hoare_sort_wmt
2630,270,mus,hoare_sort_wmt
2640,271,mus,hoare_sort_wmt
2650,281,mus,hoare_sort_wmt
2660,273,mus,hoare_sort_wmt
2670,274,mus,hoare_sort_wmt
2680,278,mus,hoare_sort_wmt
2690,286,mus,hoare_sort_wmt
2700,279,mus,hoare_sort_wmt
2710,279,mus,hoare_sort_wmt
2720,279,mus,hoare_sort_wmt
2730,282,mus,hoare_sort_wmt
2740,282,mus,hoare_sort_wmt
2750,302,mus,hoare_sort_wmt
2760,294,mus,hoare_sort_wmt
2770,290,mus,hoare_sort_wmt
2780,287,mus,hoare_sort_wmt
2790,290,mus,hoare_sort_wmt
2800,295,mus,hoare_sort_wmt
2810,290,mus,hoare_sort_wmt
2820,298,mus,hoare_sort_wmt
2830,298,mus,hoare_sort_wmt
2840,310,mus,hoare_sort_wmt
2850,309,mus,hoare_sort_wmt
2860,297,mus,hoare_sort_wmt
2870,297,mus,hoare_sort_wmt
2880,300,mus,hoare_sort_wmt
2890,303,mus,hoare_sort_wmt
2900,301,mus,hoare_sort_wmt
2910,303,mus,hoare_sort_wmt
2920,310,mus,hoare_sort_wmt
2930,311,mus,hoare_sort_wmt
2940,319,mus,hoare_sort_wmt
2950,305,mus,hoare_sort_wmt
2960,318,mus,hoare_sort_wmt
2970,315,mus,hoare_sort_wmt
2980,309,mus,hoare_sort_wmt
2990,313,mus,hoare_sort_wmt
3000,315,mus,hoare_sort_wmt
3010,314,mus,hoare_sort_wmt
3020,403,mus,hoare_sort_wmt
3030,319,mus,hoare_sort_wmt
3040,345,mus,hoare_sort_wmt
3050,323,mus,hoare_sort_wmt
3060,317,mus,hoare_sort_wmt
3070,320,mus,hoare_sort_wmt
3080,318,mus,hoare_sort_wmt
3090,319,mus,hoare_sort_wmt
3100,329,mus,hoare_sort_wmt
3110,345,mus,hoare_sort_wmt
3120,347,mus,hoare_sort_wmt
3130,328,mus,hoare_sort_wmt
3140,331,mus,hoare_sort_wmt
3150,330,mus,hoare_sort_wmt
3160,333,mus,hoare_sort_wmt
3170,336,mus,hoare_sort_wmt
3180,338,mus,hoare_sort_wmt
3190,338,mus,hoare_sort_wmt
3200,340,mus,hoare_sort_wmt
3210,352,mus,hoare_sort_wmt
3220,359,mus,hoare_sort_wmt
3230,338,mus,hoare_sort_wmt
3240,340,mus,hoare_sort_wmt
3250,349,mus,hoare_sort_wmt
3260,343,mus,hoare_sort_wmt
3270,344,mus,hoare_sort_wmt
3280,350,mus,hoare_sort_wmt
3290,351,mus,hoare_sort_wmt
3300,353,mus,hoare_sort_wmt
3310,361,mus,hoare_sort_wmt
3320,359,mus,hoare_sort_wmt
3330,346,mus,hoare_sort_wmt
3340,352,mus,hoare_sort_wmt
3350,354,mus,hoare_sort_wmt
3360,364,mus,hoare_sort_wmt
3370,366,mus,hoare_sort_wmt
3380,366,mus,hoare_sort_wmt
3390,364,mus,hoare_sort_wmt
3400,362,mus,hoare_sort_wmt
3410,359,mus,hoare_sort_wmt
3420,361,mus,hoare_sort_wmt
3430,366,mus,hoare_sort_wmt
3440,366,mus,hoare_sort_wmt
3450,367,mus,hoare_sort_wmt
3460,372,mus,hoare_sort_wmt
3470,368,mus,hoare_sort_wmt
3480,375,mus,hoare_sort_wmt
3490,368,mus,hoare_sort_wmt
3500,371,mus,hoare_sort_wmt
3510,375,mus,hoare_sort_wmt
3520,379,mus,hoare_sort_wmt
3530,383,mus,hoare_sort_wmt
3540,388,mus,hoare_sort_wmt
3550,378,mus,hoare_sort_wmt
3560,376,mus,hoare_sort_wmt
3570,382,mus,hoare_sort_wmt
3580,389,mus,hoare_sort_wmt
3590,387,mus,hoare_sort_wmt
3600,379,mus,hoare_sort_wmt
3610,385,mus,hoare_sort_wmt
3620,399,mus,hoare_sort_wmt
3630,388,mus,hoare_sort_wmt
3640,398,mus,hoare_sort_wmt
3650,394,mus,hoare_sort_wmt
3660,402,mus,hoare_sort_wmt
3670,401,mus,hoare_sort_wmt
3680,399,mus,hoare_sort_wmt
3690,413,mus,hoare_sort_wmt
3700,409,mus,hoare_sort_wmt
3710,449,mus,hoare_sort_wmt
3720,393,mus,hoare_sort_wmt
3730,414,mus,hoare_sort_wmt
3740,399,mus,hoare_sort_wmt
3750,405,mus,hoare_sort_wmt
3760,400,mus,hoare_sort_wmt
3770,527,mus,hoare_sort_wmt
3780,421,mus,hoare_sort_wmt
3790,412,mus,hoare_sort_wmt
3800,417,mus,hoare_sort_wmt
3810,419,mus,hoare_sort_wmt
3820,415,mus,hoare_sort_wmt
3830,411,mus,hoare_sort_wmt
3840,421,mus,hoare_sort_wmt
3850,413,mus,hoare_sort_wmt
3860,422,mus,hoare_sort_wmt
3870,417,mus,hoare_sort_wmt
3880,423,mus,hoare_sort_wmt
3890,423,mus,hoare_sort_wmt
3900,429,mus,hoare_sort_wmt
3910,418,mus,hoare_sort_wmt
3920,422,mus,hoare_sort_wmt
3930,418,mus,hoare_sort_wmt
3940,452,mus,hoare_sort_wmt
3950,423,mus,hoare_sort_wmt
3960,425,mus,hoare_sort_wmt
3970,434,mus,hoare_sort_wmt
3980,433,mus,hoare_sort_wmt
3990,434,mus,hoare_sort_wmt
4000,437,mus,hoare_sort_wmt
4010,440,mus,hoare_sort_wmt
4020,441,mus,hoare_sort_wmt
4030,433,mus,hoare_sort_wmt
4040,437,mus,hoare_sort_wmt
4050,438,mus,hoare_sort_wmt
4060,443,mus,hoare_sort_wmt
4070,443,mus,hoare_sort_wmt
4080,445,mus,hoare_sort_wmt
4090,450,mus,hoare_sort_wmt
4100,442,mus,hoare_sort_wmt
4110,444,mus,hoare_sort_wmt
4120,449,mus,hoare_sort_wmt
4130,445,mus,hoare_sort_wmt
4140,452,mus,hoare_sort_wmt
4150,450,mus,hoare_sort_wmt
4160,456,mus,hoare_sort_wmt
4170,464,mus,hoare_sort_wmt
4180,454,mus,hoare_sort_wmt
4190,452,mus,hoare_sort_wmt
4200,465,mus,hoare_sort_wmt
4210,457,mus,hoare_sort_wmt
4220,460,mus,hoare_sort_wmt
4230,465,mus,hoare_sort_wmt
4240,469,mus,hoare_sort_wmt
4250,461,mus,hoare_sort_wmt
4260,461,mus,hoare_sort_wmt
4270,462,mus,hoare_sort_wmt
4280,460,mus,hoare_sort_wmt
4290,505,mus,hoare_sort_wmt
4300,479,mus,hoare_sort_wmt
4310,468,mus,hoare_sort_wmt
4320,471,mus,hoare_sort_wmt
4330,469,mus,hoare_sort_wmt
4340,470,mus,hoare_sort_wmt
4350,475,mus,hoare_sort_wmt
4360,482,mus,hoare_sort_wmt
4370,485,mus,hoare_sort_wmt
4380,477,mus,hoare_sort_wmt
4390,476,mus,hoare_sort_wmt
4400,490,mus,hoare_sort_wmt
4410,482,mus,hoare_sort_wmt
4420,489,mus,hoare_sort_wmt
4430,480,mus,hoare_sort_wmt
4440,503,mus,hoare_sort_wmt
4450,493,mus,hoare_sort_wmt
4460,492,mus,hoare_sort_wmt
4470,486,mus,hoare_sort_wmt
4480,490,mus,hoare_sort_wmt
4490,496,mus,hoare_sort_wmt
4500,491,mus,hoare_sort_wmt
4510,509,mus,hoare_sort_wmt
4520,501,mus,hoare_sort_wmt
4530,502,mus,hoare_sort_wmt
4540,500,mus,hoare_sort_wmt
4550,504,mus,hoare_sort_wmt
4560,494,mus,hoare_sort_wmt
4570,509,mus,hoare_sort_wmt
4580,516,mus,hoare_sort_wmt
4590,501,mus,hoare_sort_wmt
4600,502,mus,hoare_sort_wmt
4610,503,mus,hoare_sort_wmt
4620,509,mus,hoare_sort_wmt
4630,513,mus,hoare_sort_wmt
4640,518,mus,hoare_sort_wmt
4650,527,mus,hoare_sort_wmt
4660,527,mus,hoare_sort_wmt
4670,512,mus,hoare_sort_wmt
4680,520,mus,hoare_sort_wmt
4690,514,mus,hoare_sort_wmt
4700,520,mus,hoare_sort_wmt
4710,514,mus,hoare_sort_wmt
4720,535,mus,hoare_sort_wmt
4730,563,mus,hoare_sort_wmt
4740,521,mus,hoare_sort_wmt
4750,519,mus,hoare_sort_wmt
4760,525,mus,hoare_sort_wmt
4770,535,mus,hoare_sort_wmt
4780,542,mus,hoare_sort_wmt
4790,528,mus,hoare_sort_wmt
4800,538,mus,hoare_sort_wmt
4810,524,mus,hoare_sort_wmt
4820,527,mus,hoare_sort_wmt
4830,535,mus,hoare_sort_wmt
4840,553,mus,hoare_sort_wmt
4850,547,mus,hoare_sort_wmt
4860,557,mus,hoare_sort_wmt
4870,540,mus,hoare_sort_wmt
4880,537,mus,hoare_sort_wmt
4890,535,mus,hoare_sort_wmt
4900,547,mus,hoare_sort_wmt
4910,541,mus,hoare_sort_wmt
4920,566,mus,hoare_sort_wmt
4930,545,mus,hoare_sort_wmt
4940,568,mus,hoare_sort_wmt
4950,540,mus,hoare_sort_wmt
4960,545,mus,hoare_sort_wmt
4970,577,mus,hoare_sort_wmt
4980,573,mus,hoare_sort_wmt
4990,554,mus,hoare_sort_wmt
5000,563,mus,hoare_sort_wmt
5010,557,mus,hoare_sort_wmt
5020,560,mus,hoare_sort_wmt
5030,558,mus,hoare_sort_wmt
5040,562,mus,hoare_sort_wmt
5050,583,mus,hoare_sort_wmt
5060,565,mus,hoare_sort_wmt
5070,563,mus,hoare_sort_wmt
5080,570,mus,hoare_sort_wmt
5090,563,mus,hoare_sort_wmt
5100,629,mus,hoare_sort_wmt
5110,575,mus,hoare_sort_wmt
5120,563,mus,hoare_sort_wmt
5130,572,mus,hoare_sort_wmt
5140,571,mus,hoare_sort_wmt
5150,572,mus,hoare_sort_wmt
5160,569,mus,hoare_sort_wmt
5170,580,mus,hoare_sort_wmt
5180,581,mus,hoare_sort_wmt
5190,581,mus,hoare_sort_wmt
5200,580,mus,hoare_sort_wmt
5210,587,mus,hoare_sort_wmt
5220,585,mus,hoare_sort_wmt
5230,596,mus,hoare_sort_wmt
5240,613,mus,hoare_sort_wmt
5250,581,mus,hoare_sort_wmt
5260,581,mus,hoare_sort_wmt
5270,589,mus,hoare_sort_wmt
5280,594,mus,hoare_sort_wmt
5290,595,mus,hoare_sort_wmt
5300,590,mus,hoare_sort_wmt
5310,596,mus,hoare_sort_wmt
5320,597,mus,hoare_sort_wmt
5330,599,mus,hoare_sort_wmt
5340,597,mus,hoare_sort_wmt
5350,603,mus,hoare_sort_wmt
5360,603,mus,hoare_sort_wmt
5370,624,mus,hoare_sort_wmt
5380,606,mus,hoare_sort_wmt
5390,597,mus,hoare_sort_wmt
5400,608,mus,hoare_sort_wmt
5410,614,mus,hoare_sort_wmt
5420,644,mus,hoare_sort_wmt
5430,635,mus,hoare_sort_wmt
5440,616,mus,hoare_sort_wmt
5450,611,mus,hoare_sort_wmt
5460,616,mus,hoare_sort_wmt
5470,610,mus,hoare_sort_wmt
5480,623,mus,hoare_sort_wmt
5490,630,mus,hoare_sort_wmt
5500,614,mus,hoare_sort_wmt
5510,618,mus,hoare_sort_wmt
5520,619,mus,hoare_sort_wmt
5530,616,mus,hoare_sort_wmt
5540,624,mus,hoare_sort_wmt
5550,645,mus,hoare_sort_wmt
5560,614,mus,hoare_sort_wmt
5570,627,mus,hoare_sort_wmt
5580,629,mus,hoare_sort_wmt
5590,622,mus,hoare_sort_wmt
5600,649,mus,hoare_sort_wmt
5610,635,mus,hoare_sort_wmt
5620,637,mus,hoare_sort_wmt
5630,626,mus,hoare_sort_wmt
5640,638,mus,hoare_sort_wmt
5650,637,mus,hoare_sort_wmt
5660,652,mus,hoare_sort_wmt
5670,636,mus,hoare_sort_wmt
5680,641,mus,hoare_sort_wmt
5690,646,mus,hoare_sort_wmt
5700,648,mus,hoare_sort_wmt
5710,663,mus,hoare_sort_wmt
5720,690,mus,hoare_sort_wmt
5730,643,mus,hoare_sort_wmt
5740,645,mus,hoare_sort_wmt
5750,642,mus,hoare_sort_wmt
5760,660,mus,hoare_sort_wmt
5770,663,mus,hoare_sort_wmt
5780,654,mus,hoare_sort_wmt
5790,656,mus,hoare_sort_wmt
5800,655,mus,hoare_sort_wmt
5810,665,mus,hoare_sort_wmt
5820,675,mus,hoare_sort_wmt
5830,656,mus,hoare_sort_wmt
5840,661,mus,hoare_sort_wmt
5850,652,mus,hoare_sort_wmt
5860,650,mus,hoare_sort_wmt
5870,670,mus,hoare_sort_wmt
5880,658,mus,hoare_sort_wmt
5890,656,mus,hoare_sort_wmt
5900,656,mus,hoare_sort_wmt
5910,667,mus,hoare_sort_wmt
5920,707,mus,hoare_sort_wmt
5930,671,mus,hoare_sort_wmt
5940,669,mus,hoare_sort_wmt
5950,671,mus,hoare_sort_wmt
5960,664,mus,hoare_sort_wmt
5970,671,mus,hoare_sort_wmt
5980,696,mus,hoare_sort_wmt
5990,684,mus,hoare_sort_wmt
6000,683,mus,hoare_sort_wmt
6010,676,mus,hoare_sort_wmt
6020,699,mus,hoare_sort_wmt
6030,692,mus,hoare_sort_wmt
6040,685,mus,hoare_sort_wmt
6050,692,mus,hoare_sort_wmt
6060,689,mus,hoare_sort_wmt
6070,708,mus,hoare_sort_wmt
6080,696,mus,hoare_sort_wmt
6090,701,mus,hoare_sort_wmt
6100,690,mus,hoare_sort_wmt
6110,684,mus,hoare_sort_wmt
6120,694,mus,hoare_sort_wmt
6130,687,mus,hoare_sort_wmt
6140,720,mus,hoare_sort_wmt
6150,709,mus,hoare_sort_wmt
6160,694,mus,hoare_sort_wmt
6170,719,mus,hoare_sort_wmt
6180,710,mus,hoare_sort_wmt
6190,734,mus,hoare_sort_wmt
6200,701,mus,hoare_sort_wmt
6210,704,mus,hoare_sort_wmt
6220,712,mus,hoare_sort_wmt
6230,722,mus,hoare_sort_wmt
6240,718,mus,hoare_sort_wmt
6250,718,mus,hoare_sort_wmt
6260,705,mus,hoare_sort_wmt
6270,712,mus,hoare_sort_wmt
6280,710,mus,hoare_sort_wmt
6290,716,mus,hoare_sort_wmt
6300,738,mus,hoare_sort_wmt
6310,712,mus,hoare_sort_wmt
6320,716,mus,hoare_sort_wmt
6330,711,mus,hoare_sort_wmt
6340,725,mus,hoare_sort_wmt
6350,747,mus,hoare_sort_wmt
6360,720,mus,hoare_sort_wmt
6370,710,mus,hoare_sort_wmt
6380,736,mus,hoare_sort_wmt
6390,741,mus,hoare_sort_wmt
6400,754,mus,hoare_sort_wmt
6410,727,mus,hoare_sort_wmt
6420,725,mus,hoare_sort_wmt
6430,730,mus,hoare_sort_wmt
6440,752,mus,hoare_sort_wmt
6450,756,mus,hoare_sort_wmt
6460,724,mus,hoare_sort_wmt
6470,731,mus,hoare_sort_wmt
6480,735,mus,hoare_sort_wmt
6490,762,mus,hoare_sort_wmt
6500,759,mus,hoare_sort_wmt
6510,753,mus,hoare_sort_wmt
6520,742,mus,hoare_sort_wmt
6530,745,mus,hoare_sort_wmt
6540,773,mus,hoare_sort_wmt
6550,776,mus,hoare_sort_wmt
6560,811,mus,hoare_sort_wmt
6570,743,mus,hoare_sort_wmt
6580,743,mus,hoare_sort_wmt
6590,788,mus,hoare_sort_wmt
6600,821,mus,hoare_sort_wmt
6610,770,mus,hoare_sort_wmt
6620,767,mus,hoare_sort_wmt
6630,760,mus,hoare_sort_wmt
6640,764,mus,hoare_sort_wmt
6650,786,mus,hoare_sort_wmt
6660,763,mus,hoare_sort_wmt
6670,761,mus,hoare_sort_wmt
6680,767,mus,hoare_sort_wmt
6690,781,mus,hoare_sort_wmt
6700,800,mus,hoare_sort_wmt
6710,787,mus,hoare_sort_wmt
6720,792,mus,hoare_sort_wmt
6730,760,mus,hoare_sort_wmt
6740,776,mus,hoare_sort_wmt
6750,800,mus,hoare_sort_wmt
6760,790,mus,hoare_sort_wmt
6770,778,mus,hoare_sort_wmt
6780,770,mus,hoare_sort_wmt
6790,781,mus,hoare_sort_wmt
6800,783,mus,hoare_sort_wmt
6810,778,mus,hoare_sort_wmt
6820,793,mus,hoare_sort_wmt
6830,781,mus,hoare_sort_wmt
6840,785,mus,hoare_sort_wmt
6850,811,mus,hoare_sort_wmt
6860,784,mus,hoare_sort_wmt
6870,786,mus,hoare_sort_wmt
6880,784,mus,hoare_sort_wmt
6890,795,mus,hoare_sort_wmt
6900,821,mus,hoare_sort_wmt
6910,780,mus,hoare_sort_wmt
6920,804,mus,hoare_sort_wmt
6930,796,mus,hoare_sort_wmt
6940,802,mus,hoare_sort_wmt
6950,800,mus,hoare_sort_wmt
6960,812,mus,hoare_sort_wmt
6970,814,mus,hoare_sort_wmt
6980,795,mus,hoare_sort_wmt
6990,808,mus,hoare_sort_wmt
7000,806,mus,hoare_sort_wmt
7010,805,mus,hoare_sort_wmt
7020,803,mus,hoare_sort_wmt
7030,821,mus,hoare_sort_wmt
7040,825,mus,hoare_sort_wmt
7050,809,mus,hoare_sort_wmt
7060,812,mus,hoare_sort_wmt
7070,816,mus,hoare_sort_wmt
7080,808,mus,hoare_sort_wmt
7090,831,mus,hoare_sort_wmt
7100,814,mus,hoare_sort_wmt
7110,815,mus,hoare_sort_wmt
7120,809,mus,hoare_sort_wmt
7130,853,mus,hoare_sort_wmt
7140,846,mus,hoare_sort_wmt
7150,824,mus,hoare_sort_wmt
7160,820,mus,hoare_sort_wmt
7170,828,mus,hoare_sort_wmt
7180,825,mus,hoare_sort_wmt
7190,852,mus,hoare_sort_wmt
7200,848,mus,hoare_sort_wmt
7210,836,mus,hoare_sort_wmt
7220,839,mus,hoare_sort_wmt
7230,864,mus,hoare_sort_wmt
7240,921,mus,hoare_sort_wmt
7250,839,mus,hoare_sort_wmt
7260,854,mus,hoare_sort_wmt
7270,842,mus,hoare_sort_wmt
7280,868,mus,hoare_sort_wmt
7290,844,mus,hoare_sort_wmt
7300,843,mus,hoare_sort_wmt
7310,836,mus,hoare_sort_wmt
7320,869,mus,hoare_sort_wmt
7330,885,mus,hoare_sort_wmt
7340,923,mus,hoare_sort_wmt
7350,860,mus,hoare_sort_wmt
7360,844,mus,hoare_sort_wmt
7370,853,mus,hoare_sort_wmt
7380,861,mus,hoare_sort_wmt
7390,850,mus,hoare_sort_wmt
7400,853,mus,hoare_sort_wmt
7410,847,mus,hoare_sort_wmt
7420,887,mus,hoare_sort_wmt
7430,875,mus,hoare_sort_wmt
7440,881,mus,hoare_sort_wmt
7450,860,mus,hoare_sort_wmt
7460,890,mus,hoare_sort_wmt
7470,876,mus,hoare_sort_wmt
7480,877,mus,hoare_sort_wmt
7490,879,mus,hoare_sort_wmt
7500,862,mus,hoare_sort_wmt
7510,870,mus,hoare_sort_wmt
7520,890,mus,hoare_sort_wmt
7530,875,mus,hoare_sort_wmt
7540,867,mus,hoare_sort_wmt
7550,874,mus,hoare_sort_wmt
7560,885,mus,hoare_sort_wmt
7570,864,mus,hoare_sort_wmt
7580,884,mus,hoare_sort_wmt
7590,871,mus,hoare_sort_wmt
7600,886,mus,hoare_sort_wmt
7610,901,mus,hoare_sort_wmt
7620,872,mus,hoare_sort_wmt
7630,900,mus,hoare_sort_wmt
7640,895,mus,hoare_sort_wmt
7650,886,mus,hoare_sort_wmt
7660,885,mus,hoare_sort_wmt
7670,884,mus,hoare_sort_wmt
7680,889,mus,hoare_sort_wmt
7690,912,mus,hoare_sort_wmt
7700,903,mus,hoare_sort_wmt
7710,913,mus,hoare_sort_wmt
7720,888,mus,hoare_sort_wmt
7730,898,mus,hoare_sort_wmt
7740,921,mus,hoare_sort_wmt
7750,915,mus,hoare_sort_wmt
7760,902,mus,hoare_sort_wmt
7770,930,mus,hoare_sort_wmt
7780,908,mus,hoare_sort_wmt
7790,929,mus,hoare_sort_wmt
7800,933,mus,hoare_sort_wmt
7810,905,mus,hoare_sort_wmt
7820,911,mus,hoare_sort_wmt
7830,951,mus,hoare_sort_wmt
7840,918,mus,hoare_sort_wmt
7850,915,mus,hoare_sort_wmt
7860,918,mus,hoare_sort_wmt
7870,925,mus,hoare_sort_wmt
7880,918,mus,hoare_sort_wmt
7890,927,mus,hoare_sort_wmt
7900,913,mus,hoare_sort_wmt
7910,937,mus,hoare_sort_wmt
7920,948,mus,hoare_sort_wmt
7930,921,mus,hoare_sort_wmt
7940,929,mus,hoare_sort_wmt
7950,927,mus,hoare_sort_wmt
7960,926,mus,hoare_sort_wmt
7970,937,mus,hoare_sort_wmt
7980,954,mus,hoare_sort_wmt
7990,946,mus,hoare_sort_wmt
8000,988,mus,hoare_sort_wmt
8010,964,mus,hoare_sort_wmt
8020,921,mus,hoare_sort_wmt
8030,936,mus,hoare_sort_wmt
8040,946,mus,hoare_sort_wmt
8050,963,mus,hoare_sort_wmt
8060,933,mus,hoare_sort_wmt
8070,929,mus,hoare_sort_wmt
8080,964,mus,hoare_sort_wmt
8090,976,mus,hoare_sort_wmt
8100,943,mus,hoare_sort_wmt
8110,943,mus,hoare_sort_wmt
8120,955,mus,hoare_sort_wmt
8130,971,mus,hoare_sort_wmt
8140,947,mus,hoare_sort_wmt
8150,954,mus,hoare_sort_wmt
8160,947,mus,hoare_sort_wmt
8170,972,mus,hoare_sort_wmt
8180,956,mus,hoare_sort_wmt
8190,976,mus,hoare_sort_wmt
8200,963,mus,hoare_sort_wmt
8210,954,mus,hoare_sort_wmt
8220,980,mus,hoare_sort_wmt
8230,980,mus,hoare_sort_wmt
8240,977,mus,hoare_sort_wmt
8250,988,mus,hoare_sort_wmt
8260,989,mus,hoare_sort_wmt
8270,969,mus,hoare_sort_wmt
8280,973,mus,hoare_sort_wmt
8290,967,mus,hoare_sort_wmt
8300,1016,mus,hoare_sort_wmt
8310,963,mus,hoare_sort_wmt
8320,981,mus,hoare_sort_wmt
8330,970,mus,hoare_sort_wmt
8340,986,mus,hoare_sort_wmt
8350,994,mus,hoare_sort_wmt
8360,978,mus,hoare_sort_wmt
8370,978,mus,hoare_sort_wmt
8380,994,mus,hoare_sort_wmt
8390,995,mus,hoare_sort_wmt
8400,993,mus,hoare_sort_wmt
8410,962,mus,hoare_sort_wmt
8420,1019,mus,hoare_sort_wmt
8430,1007,mus,hoare_sort_wmt
8440,955,mus,hoare_sort_wmt
8450,962,mus,hoare_sort_wmt
8460,1095,mus,hoare_sort_wmt
8470,1042,mus,hoare_sort_wmt
8480,974,mus,hoare_sort_wmt
8490,972,mus,hoare_sort_wmt
8500,955,mus,hoare_sort_wmt
8510,1068,mus,hoare_sort_wmt
8520,972,mus,hoare_sort_wmt
8530,966,mus,hoare_sort_wmt
8540,999,mus,hoare_sort_wmt
8550,1035,mus,hoare_sort_wmt
8560,964,mus,hoare_sort_wmt
8570,981,mus,hoare_sort_wmt
8580,1220,mus,hoare_sort_wmt
8590,998,mus,hoare_sort_wmt
8600,980,mus,hoare_sort_wmt
8610,981,mus,hoare_sort_wmt
8620,1189,mus,hoare_sort_wmt
8630,1119,mus,hoare_sort_wmt
8640,992,mus,hoare_sort_wmt
8650,994,mus,hoare_sort_wmt
8660,1015,mus,hoare_sort_wmt
8670,1034,mus,hoare_sort_wmt
8680,1020,mus,hoare_sort_wmt
8690,1017,mus,hoare_sort_wmt
8700,1024,mus,hoare_sort_wmt
8710,1015,mus,hoare_sort_wmt
8720,1016,mus,hoare_sort_wmt
8730,1033,mus,hoare_sort_wmt
8740,1054,mus,hoare_sort_wmt
8750,1052,mus,hoare_sort_wmt
8760,1019,mus,hoare_sort_wmt
8770,1034,mus,hoare_sort_wmt
8780,1032,mus,hoare_sort_wmt
8790,1049,mus,hoare_sort_wmt
8800,1038,mus,hoare_sort_wmt
8810,1032,mus,hoare_sort_wmt
8820,1025,mus,hoare_sort_wmt
8830,1043,mus,hoare_sort_wmt
8840,1060,mus,hoare_sort_wmt
8850,1037,mus,hoare_sort_wmt
8860,1045,mus,hoare_sort_wmt
8870,1039,mus,hoare_sort_wmt
8880,1059,mus,hoare_sort_wmt
8890,1046,mus,hoare_sort_wmt
8900,1050,mus,hoare_sort_wmt
8910,1064,mus,hoare_sort_wmt
8920,1064,mus,hoare_sort_wmt
8930,1066,mus,hoare_sort_wmt
8940,1084,mus,hoare_sort_wmt
8950,1052,mus,hoare_sort_wmt
8960,1051,mus,hoare_sort_wmt
8970,1057,mus,hoare_sort_wmt
8980,1089,mus,hoare_sort_wmt
8990,1067,mus,hoare_sort_wmt
9000,1059,mus,hoare_sort_wmt
9010,1055,mus,hoare_sort_wmt
9020,1080,mus,hoare_sort_wmt
9030,1069,mus,hoare_sort_wmt
9040,1087,mus,hoare_sort_wmt
9050,1086,mus,hoare_sort_wmt
9060,1067,mus,hoare_sort_wmt
9070,1079,mus,hoare_sort_wmt
9080,1080,mus,hoare_sort_wmt
9090,1081,mus,hoare_sort_wmt
9100,1099,mus,hoare_sort_wmt
9110,1074,mus,hoare_sort_wmt
9120,1086,mus,hoare_sort_wmt
9130,1073,mus,hoare_sort_wmt
9140,1130,mus,hoare_sort_wmt
9150,1091,mus,hoare_sort_wmt
9160,1088,mus,hoare_sort_wmt
9170,1083,mus,hoare_sort_wmt
9180,1091,mus,hoare_sort_wmt
9190,1079,mus,hoare_sort_wmt
9200,1087,mus,hoare_sort_wmt
9210,1095,mus,hoare_sort_wmt
9220,1126,mus,hoare_sort_wmt
9230,1084,mus,hoare_sort_wmt
9240,1092,mus,hoare_sort_wmt
9250,1068,mus,hoare_sort_wmt
9260,1140,mus,hoare_sort_wmt
9270,1100,mus,hoare_sort_wmt
9280,1120,mus,hoare_sort_wmt
9290,1102,mus,hoare_sort_wmt
9300,1165,mus,hoare_sort_wmt
9310,1093,mus,hoare_sort_wmt
9320,1081,mus,hoare_sort_wmt
9330,1117,mus,hoare_sort_wmt
9340,1151,mus,hoare_sort_wmt
9350,1127,mus,hoare_sort_wmt
9360,1106,mus,hoare_sort_wmt
9370,1107,mus,hoare_sort_wmt
9380,1135,mus,hoare_sort_wmt
9390,1135,mus,hoare_sort_wmt
9400,1115,mus,hoare_sort_wmt
9410,1137,mus,hoare_sort_wmt
9420,1118,mus,hoare_sort_wmt
9430,1119,mus,hoare_sort_wmt
9440,1121,mus,hoare_sort_wmt
9450,1177,mus,hoare_sort_wmt
9460,1124,mus,hoare_sort_wmt
9470,1123,mus,hoare_sort_wmt
9480,1124,mus,hoare_sort_wmt
9490,1144,mus,hoare_sort_wmt
9500,1134,mus,hoare_sort_wmt
9510,1139,mus,hoare_sort_wmt
9520,1154,mus,hoare_sort_wmt
9530,1173,mus,hoare_sort_wmt
9540,1134,mus,hoare_sort_wmt
9550,1122,mus,hoare_sort_wmt
9560,1138,mus,hoare_sort_wmt
9570,1173,mus,hoare_sort_wmt
9580,1134,mus,hoare_sort_wmt
9590,1162,mus,hoare_sort_wmt
9600,1150,mus,hoare_sort_wmt
9610,1155,mus,hoare_sort_wmt
9620,1139,mus,hoare_sort_wmt
9630,1155,mus,hoare_sort_wmt
9640,1162,mus,hoare_sort_wmt
9650,1145,mus,hoare_sort_wmt
9660,1143,mus,hoare_sort_wmt
9670,1127,mus,hoare_sort_wmt
9680,1309,mus,hoare_sort_wmt
9690,1117,mus,hoare_sort_wmt
9700,1120,mus,hoare_sort_wmt
9710,1135,mus,hoare_sort_wmt
9720,1268,mus,hoare_sort_wmt
9730,1126,mus,hoare_sort_wmt
9740,1132,mus,hoare_sort_wmt
9750,1137,mus,hoare_sort_wmt
9760,1190,mus,hoare_sort_wmt
9770,1138,mus,hoare_sort_wmt
9780,1145,mus,hoare_sort_wmt
9790,1397,mus,hoare_sort_wmt
9800,1199,mus,hoare_sort_wmt
9810,1125,mus,hoare_sort_wmt
9820,1137,mus,hoare_sort_wmt
9830,1328,mus,hoare_sort_wmt
9840,1145,mus,hoare_sort_wmt
9850,1140,mus,hoare_sort_wmt
9860,1146,mus,hoare_sort_wmt
9870,1183,mus,hoare_sort_wmt
9880,1166,mus,hoare_sort_wmt
9890,1162,mus,hoare_sort_wmt
9900,1177,mus,hoare_sort_wmt
9910,1195,mus,hoare_sort_wmt
9920,1192,mus,hoare_sort_wmt
9930,1187,mus,hoare_sort_wmt
9940,1226,mus,hoare_sort_wmt
9950,1212,mus,hoare_sort_wmt
9960,1217,mus,hoare_sort_wmt
9970,1221,mus,hoare_sort_wmt
9980,1207,mus,hoare_sort_wmt
9990,1185,mus,hoare_sort_wmt
10000,1200,mus,hoare_sort_wmt
